Density (g/cmÂ³),acetic_acid,CC(O)=O,8.884501480750248e-05,C=C;CC=C,5,298,3.4412688888888887,0.0428842519370168,0.0002508556352318573,7.521283950617283,7.034636804324354,0.15530864197530864,0.002618273747152541
1.049,acetic_acid,CC(O)=O,8.884501480750248e-05,C=C;CC=C,5,348,3.445619135802469,0.0458063066227092,0.0002840866751602,7.984197530864198,8.007816660281707,0.1549135802469135,0.002470555147611
1.049,acetic_acid,CC(O)=O,8.884501480750248e-05,C=C;C=Cc1ccccc1,5,298,3.447938765432099,0.0447504858207359,0.0002547766293876,8.361271604938272,7.258157146328445,0.1539876543209876,0.0026965630944743
1.049,acetic_acid,CC(O)=O,8.884501480750248e-05,C=C;C=Cc1ccccc1,5,348,3.4486171604938263,0.0438536326812798,0.0002609935248125,8.930234567901234,7.54673197732439,0.1543086419753086,0.002225785894269
1.049,acetic_acid,CC(O)=O,8.884501480750248e-05,C=C;C=C(CN),5,298,3.44705962962963,0.0447496368271198,0.0002549387752827,8.037197530864198,7.243137762899418,0.1539629629629629,0.0025163389261426
1.049,acetic_acid,CC(O)=O,8.884501480750248e-05,C=C;C=C(CN),5,348,3.446893456790124,0.0438063661352608,0.0002587975923916,7.785580246913581,7.171262999569359,0.1542469135802469,0.0021575641512144
1.049,acetic_acid,CC(O)=O,8.884501480750248e-05,C=C;CC=C,5,280,3.444529259259259,0.0432336312499452,0.0002311128732098,8.209172839506172,6.857572753452342,0.1538518518518518,0.0029064046395279
1.049,acetic_acid,CC(O)=O,8.884501480750248e-05,C=C;CC=C,5,298,3.4412688888888887,0.0428842519370168,0.0002508556352318,7.521283950617283,7.034636804324354,0.1553086419753086,0.0026182737471525
1.049,acetic_acid,CC(O)=O,8.884501480750248e-05,C=C;CC=C,5,348,3.445619135802469,0.0458063066227092,0.0002840866751602,7.984197530864198,8.007816660281707,0.1549135802469135,0.002470555147611
1.049,acetic_acid,CC(O)=O,8.884501480750248e-05,C=C;C=Cc1ccccc1,5,280,3.440723827160494,0.0426079514276269,0.0002143548996817,7.322691358024691,6.4188041531575,0.1534074074074073,0.0022758950364055
1.049,acetic_acid,CC(O)=O,8.884501480750248e-05,C=C;C=Cc1ccccc1,5,298,3.447938765432099,0.0447504858207359,0.0002547766293876,8.361271604938272,7.258157146328445,0.1539876543209876,0.0026965630944743
1.049,acetic_acid,CC(O)=O,8.884501480750248e-05,C=C;C=Cc1ccccc1,5,348,3.4486171604938263,0.0438536326812798,0.0002609935248125,8.930234567901234,7.54673197732439,0.1543086419753086,0.002225785894269
1.049,acetic_acid,CC(O)=O,8.884501480750248e-05,C=C;C=C(CN),5,280,3.4427718518518517,0.0404758596584329,0.000222282877386,7.449518518518519,6.175282843746864,0.1540864197530864,0.0027496241308303
1.049,acetic_acid,CC(O)=O,8.884501480750248e-05,C=C;C=C(CN),5,298,3.44705962962963,0.0447496368271198,0.0002549387752827,8.037197530864198,7.243137762899418,0.1539629629629629,0.0025163389261426
1.049,acetic_acid,CC(O)=O,8.884501480750248e-05,C=C;C=C(CN),5,348,3.446893456790124,0.0438063661352608,0.0002587975923916,7.785580246913581,7.171262999569359,0.1542469135802469,0.0021575641512144
1.049,acetic_acid,CC(O)=O,8.884501480750248e-05,C=C;C=Cc1cccc(C)c1,5,298,3.4500374074074074,0.0447302712088163,0.000321965322953,9.905888888888889,7.873992310993213,0.1542839506172839,0.0021786538368385
1.049,acetic_acid,CC(O)=O,8.884501480750248e-05,C=C;C=Cc1cccc(C)c1,5,348,3.450843703703704,0.0450476801842923,0.0002833145809146,9.525950617283952,8.094979231782713,0.1544814814814814,0.0023418422162277
1.049,acetic_acid,CC(O)=O,8.884501480750248e-05,C=C;C=C(CO),5,298,3.442516419753086,0.0428579775569058,0.0002590184999101,7.544000000000001,6.943458765603036,0.1538395061728395,0.0024162862542148
1.049,acetic_acid,CC(O)=O,8.884501480750248e-05,C=C;C=C(CO),5,348,3.44466975308642,0.0428773669029667,0.0002656465349731,7.634185185185186,7.074158441614414,0.1545061728395061,0.0025098495198122
1.049,acetic_acid,CC(O)=O,8.884501480750248e-05,C=C;C=C(Br),5,298,3.439923456790124,0.0435064136370349,0.0002494361139218,7.021037037037038,6.891227610976333,0.1541234567901234,0.0018684033987548
1.049,acetic_acid,CC(O)=O,8.884501480750248e-05,C=C;C=C(Br),5,348,3.445967654320988,0.0473337591861804,0.0002834857119249,8.557925925925925,8.180845266747419,0.1543703703703703,0.0029289716918174
1.049,acetic_acid,CC(O)=O,8.884501480750248e-05,C=C;C=C(F),5,298,3.447317160493826,0.0441410656266163,0.0002996670226486,7.843987654320989,7.137113301874799,0.1545185185185185,0.0026948103353453
1.049,acetic_acid,CC(O)=O,8.884501480750248e-05,C=C;C=C(F),5,348,3.4433371604938268,0.0431031959868741,0.0002641866874937,7.544296296296294,7.305565580803337,0.1545061728395061,0.0024501118986294
1.049,acetic_acid,CC(O)=O,8.884501480750248e-05,C=C;C=CCl,5,298,3.446963950617284,0.0450036557274747,0.0002732899638624,8.244123456790124,7.28246379313613,1.136358024691358,0.0554753440154184
1.049,acetic_acid,CC(O)=O,8.884501480750248e-05,C=C;C=CCl,5,348,3.4500708641975306,0.0453373371107104,0.0003042602072696,8.424740740740742,7.940768886766039,1.0703086419753087,0.0322534875041515
1.049,acetic_acid,CC(O)=O,8.884501480750248e-05,CC=C;C=CCl,5,298,3.453091604938272,0.0451225404091982,0.0003084709084408,9.339382716049382,8.109155209487183,1.1862345679012345,0.0303556172135937
1.049,acetic_acid,CC(O)=O,8.884501480750248e-05,CC=C;C=CCl,5,348,3.447644938271605,0.0448746569332038,0.0002861806727418,8.501827160493828,7.905839287155036,1.1848024691358028,0.0298466946090945
1.049,acetic_acid,CC(O)=O,8.884501480750248e-05,C=Cc1ccccc1;C=C(CN),5,298,3.4479379012345683,0.043096990319598,0.0002495356941661,8.978160493827161,7.077070464320514,0.1554074074074074,0.0022650199779882
1.049,acetic_acid,CC(O)=O,8.884501480750248e-05,C=Cc1ccccc1;C=C(CN),5,348,3.4544987654320987,0.0478796190662857,0.0003567920337697,10.57674074074074,8.366650132457881,0.154716049382716,0.002019867786293
1.049,acetic_acid,CC(O)=O,8.884501480750248e-05,C=Cc1ccccc1;C=Cc1cccc(C)c1,5,348,3.460120740740741,0.0479670348936468,0.0003440218276342,11.957543209876544,8.686247002524949,0.1553827160493827,0.0022584158177341
1.049,acetic_acid,CC(O)=O,8.884501480750248e-05,C=Cc1ccccc1;C=C(CO),5,298,3.451021975308642,0.0446207153746171,0.0002894392066378,10.238333333333332,7.889826000678828,0.1548148148148148,0.0026764224837243
1.049,acetic_acid,CC(O)=O,8.884501480750248e-05,C=Cc1ccccc1;C=C(CO),5,348,3.4454714814814813,0.0429830153395705,0.0002435773846457,8.860246913580248,7.386549978238081,0.1553703703703703,0.0022023805551582
1.049,acetic_acid,CC(O)=O,8.884501480750248e-05,C=Cc1ccccc1;C=C(Br),5,298,3.445069506172839,0.0410904019582367,0.0002193494684704,9.023703703703704,6.719719518405189,0.1544691358024691,0.0022829827779187
1.049,acetic_acid,CC(O)=O,8.884501480750248e-05,C=Cc1ccccc1;C=C(Br),5,348,3.4554706172839507,0.0487735116926066,0.000347954769506,11.217395061728396,8.181340142989061,0.1549506172839506,0.0023980508266316
1.049,acetic_acid,CC(O)=O,8.884501480750248e-05,C=Cc1ccccc1;C=C(F),5,298,3.443856049382716,0.0429161800527324,0.0002291385357143,8.136296296296296,6.5910389848538165,0.1555432098765432,0.002266499899726
1.049,acetic_acid,CC(O)=O,8.884501480750248e-05,C=Cc1ccccc1;C=C(F),5,348,3.448967160493827,0.0447461993760796,0.0002968245538169,9.800827160493826,7.812933362266245,0.1546049382716049,0.002472960001502
1.049,acetic_acid,CC(O)=O,8.884501480750248e-05,C=Cc1ccccc1;C=CCl,5,298,3.448870740740741,0.0429353545009001,0.000254284028253,9.11248148148148,7.017228073100088,1.1497407407407407,0.0402592762956112
1.049,acetic_acid,CC(O)=O,8.884501480750248e-05,C=Cc1ccccc1;C=CCl,5,348,3.4466933333333336,0.0449568061835159,0.0002559661326887,9.120493827160493,7.443703704645591,1.1224074074074075,0.0298633834909136
1.049,acetic_acid,CC(O)=O,8.884501480750248e-05,C=C(CN);C=CCl,5,298,3.443402962962963,0.0460606509296206,0.0002728416249126,7.895320987654321,7.402949378585888,0.758888888888889,0.0468957340974977
1.049,acetic_acid,CC(O)=O,8.884501480750248e-05,C=C(CN);C=CCl,5,348,3.4508885185185187,0.0437193112997135,0.0002882201152536,8.878777777777778,7.317994223610055,0.8324197530864198,0.0883901095240153
1.049,acetic_acid,CC(O)=O,8.884501480750248e-05,C=Cc1cccc(C)c1;C=CCl,5,298,3.459577901234568,0.0492338316059955,0.0003633787617656,11.81262962962963,8.171678923619492,0.885567901234568,0.0390656106138406
1.049,acetic_acid,CC(O)=O,8.884501480750248e-05,C=Cc1cccc(C)c1;C=CCl,5,348,3.4453438271604933,0.0436478784451231,0.0002533987940584,9.558518518518518,7.714518542878907,0.9116296296296296,0.0549355277439363
1.049,acetic_acid,CC(O)=O,8.884501480750248e-05,C=C(CO);C=C(Br),5,298,3.449219259259259,0.0446280272833607,0.0002827278986892,8.49437037037037,7.5351515839888705,0.1554938271604938,0.0024450678840843
1.049,acetic_acid,CC(O)=O,8.884501480750248e-05,C=C(CO);C=C(Br),5,348,3.4471313580246914,0.0449696535469318,0.000284441053828,8.387432098765434,8.023576393767557,0.1556419753086419,0.0028254078345416
1.049,acetic_acid,CC(O)=O,8.884501480750248e-05,C=C(CO);C=C(F),5,298,3.455622222222222,0.047974815512483,0.0003325611348331,9.677950617283951,8.445381364546131,0.1552839506172839,0.0030071296674848
1.049,acetic_acid,CC(O)=O,8.884501480750248e-05,C=C(CO);C=C(F),5,348,3.442943827160493,0.0439712988200342,0.0002504113046347,7.629839506172838,7.267379524084403,0.1548641975308642,0.002752117417911
1.049,acetic_acid,CC(O)=O,8.884501480750248e-05,C=C(CO);C=CCl,5,298,3.446765061728396,0.0454307688503014,0.0002675241913112,8.143740740740743,7.033513787008872,1.1423703703703705,0.0215958640555841
1.049,acetic_acid,CC(O)=O,8.884501480750248e-05,C=C(CO);C=CCl,5,348,3.447601481481481,0.0439924614785421,0.0002763973093816,8.373666666666665,7.258924079374536,1.1342469135802469,0.0192671477988095
1.049,acetic_acid,CC(O)=O,8.884501480750248e-05,C=C(Br);C=C(F),5,298,3.439361234567901,0.0420797017247184,0.0002333093844892,7.061666666666668,5.879716664039409,0.1545679012345679,0.0022107385035291
1.049,acetic_acid,CC(O)=O,8.884501480750248e-05,C=C(Br);C=C(F),5,348,3.447763950617284,0.0429525823446231,0.0002810868681759,8.335172839506173,7.595295587174093,0.1546172839506172,0.0022142518243402
1.049,acetic_acid,CC(O)=O,8.884501480750248e-05,C=C(Br);C=CCl,5,298,3.4410224691358025,0.042355977015825,0.0002254537811539,7.428358024691358,6.607132956801713,0.9303827160493828,0.0370453735473817
1.049,acetic_acid,CC(O)=O,8.884501480750248e-05,C=C(Br);C=CCl,5,348,3.445505679012345,0.044414679308976,0.00027922632208,7.94267901234568,7.546650580448698,0.8988395061728395,0.0315705976629073
1.049,acetic_acid,CC(O)=O,8.884501480750248e-05,C=C(F);C=CCl,5,298,3.445483456790123,0.044439611908399,0.0002824508633586,7.972382716049383,7.320809626965392,0.8953086419753086,0.0470517555792984
1.049,acetic_acid,CC(O)=O,8.884501480750248e-05,C=C(F);C=CCl,5,348,3.451194814814815,0.0458853908839256,0.0003134085345241,8.449407407407408,8.007317904217642,0.9837407407407408,0.0256692051547854
1.049,acetic_acid,CC(O)=O,8.884501480750248e-05,C=C;CC=C;C=Cc1ccccc1,5,298,3.442784197530864,0.0412647025459762,0.0002428443545708,7.234395061728395,6.434696671276249,0.1540864197530864,0.0026814291880402
1.049,acetic_acid,CC(O)=O,8.884501480750248e-05,C=C;CC=C;C=Cc1ccccc1,5,348,3.443383456790124,0.0451441027460061,0.0002817107532847,7.989283950617285,7.226193872456994,0.154753086419753,0.0026691232397689
1.049,acetic_acid,CC(O)=O,8.884501480750248e-05,C=C;CC=C,5,280,3.444529259259259,0.0432336312499452,0.0002311128732098,8.209172839506172,6.857572753452342,0.1538518518518518,0.0029064046395279
1.049,acetic_acid,CC(O)=O,8.884501480750248e-05,C=C;CC=C,5,298,3.4412688888888887,0.0428842519370168,0.0002508556352318,7.521283950617283,7.034636804324354,0.1553086419753086,0.0026182737471525
1.049,acetic_acid,CC(O)=O,8.884501480750248e-05,C=C;CC=C,5,348,3.445619135802469,0.0458063066227092,0.0002840866751602,7.984197530864198,8.007816660281707,0.1549135802469135,0.002470555147611
1.049,acetic_acid,CC(O)=O,8.884501480750248e-05,C=C;C=Cc1ccccc1,5,280,3.440723827160494,0.0426079514276269,0.0002143548996817,7.322691358024691,6.4188041531575,0.1534074074074073,0.0022758950364055
1.049,acetic_acid,CC(O)=O,8.884501480750248e-05,C=C;C=Cc1ccccc1,5,298,3.447938765432099,0.0447504858207359,0.0002547766293876,8.361271604938272,7.258157146328445,0.1539876543209876,0.0026965630944743
1.049,acetic_acid,CC(O)=O,8.884501480750248e-05,C=C;C=Cc1ccccc1,5,348,3.4486171604938263,0.0438536326812798,0.0002609935248125,8.930234567901234,7.54673197732439,0.1543086419753086,0.002225785894269
1.049,acetic_acid,CC(O)=O,8.884501480750248e-05,C=C;C=C(CN),5,280,3.4427718518518517,0.0404758596584329,0.000222282877386,7.449518518518519,6.175282843746864,0.1540864197530864,0.0027496241308303
1.049,acetic_acid,CC(O)=O,8.884501480750248e-05,C=C;C=C(CN),5,298,3.44705962962963,0.0447496368271198,0.0002549387752827,8.037197530864198,7.243137762899418,0.1539629629629629,0.0025163389261426
1.049,acetic_acid,CC(O)=O,8.884501480750248e-05,C=C;C=C(CN),5,348,3.446893456790124,0.0438063661352608,0.0002587975923916,7.785580246913581,7.171262999569359,0.1542469135802469,0.0021575641512144
1.049,acetic_acid,CC(O)=O,8.884501480750248e-05,C=C;C=Cc1cccc(C)c1,5,298,3.4500374074074074,0.0447302712088163,0.000321965322953,9.905888888888889,7.873992310993213,0.1542839506172839,0.0021786538368385
1.049,acetic_acid,CC(O)=O,8.884501480750248e-05,C=C;C=Cc1cccc(C)c1,5,348,3.450843703703704,0.0450476801842923,0.0002833145809146,9.525950617283952,8.094979231782713,0.1544814814814814,0.0023418422162277
1.049,acetic_acid,CC(O)=O,8.884501480750248e-05,C=C;C=C(CO),5,298,3.442516419753086,0.0428579775569058,0.0002590184999101,7.544000000000001,6.943458765603036,0.1538395061728395,0.0024162862542148
1.049,acetic_acid,CC(O)=O,8.884501480750248e-05,C=C;C=C(CO),5,348,3.44466975308642,0.0428773669029667,0.0002656465349731,7.634185185185186,7.074158441614414,0.1545061728395061,0.0025098495198122
1.049,acetic_acid,CC(O)=O,8.884501480750248e-05,C=C;C=C(Br),5,298,3.439923456790124,0.0435064136370349,0.0002494361139218,7.021037037037038,6.891227610976333,0.1541234567901234,0.0018684033987548
1.049,acetic_acid,CC(O)=O,8.884501480750248e-05,C=C;C=C(Br),5,348,3.445967654320988,0.0473337591861804,0.0002834857119249,8.557925925925925,8.180845266747419,0.1543703703703703,0.0029289716918174
1.049,acetic_acid,CC(O)=O,8.884501480750248e-05,C=C;C=C(F),5,298,3.447317160493826,0.0441410656266163,0.0002996670226486,7.843987654320989,7.137113301874799,0.1545185185185185,0.0026948103353453
1.049,acetic_acid,CC(O)=O,8.884501480750248e-05,C=C;C=C(F),5,348,3.4433371604938268,0.0431031959868741,0.0002641866874937,7.544296296296294,7.305565580803337,0.1545061728395061,0.0024501118986294
1.049,acetic_acid,CC(O)=O,8.884501480750248e-05,C=C;C=CCl,5,298,3.446963950617284,0.0450036557274747,0.0002732899638624,8.244123456790124,7.28246379313613,1.136358024691358,0.0554753440154184
1.049,acetic_acid,CC(O)=O,8.884501480750248e-05,C=C;C=CCl,5,348,3.4500708641975306,0.0453373371107104,0.0003042602072696,8.424740740740742,7.940768886766039,1.0703086419753087,0.0322534875041515
1.049,acetic_acid,CC(O)=O,8.884501480750248e-05,CC=C;C=CCl,5,298,3.453091604938272,0.0451225404091982,0.0003084709084408,9.339382716049382,8.109155209487183,1.1862345679012345,0.0303556172135937
1.049,acetic_acid,CC(O)=O,8.884501480750248e-05,CC=C;C=CCl,5,348,3.447644938271605,0.0448746569332038,0.0002861806727418,8.501827160493828,7.905839287155036,1.1848024691358028,0.0298466946090945
1.049,acetic_acid,CC(O)=O,8.884501480750248e-05,C=Cc1ccccc1;C=C(CN),5,298,3.4479379012345683,0.043096990319598,0.0002495356941661,8.978160493827161,7.077070464320514,0.1554074074074074,0.0022650199779882
1.049,acetic_acid,CC(O)=O,8.884501480750248e-05,C=Cc1ccccc1;C=C(CN),5,348,3.4544987654320987,0.0478796190662857,0.0003567920337697,10.57674074074074,8.366650132457881,0.154716049382716,0.002019867786293
1.049,acetic_acid,CC(O)=O,8.884501480750248e-05,C=Cc1ccccc1;C=Cc1cccc(C)c1,5,348,3.460120740740741,0.0479670348936468,0.0003440218276342,11.957543209876544,8.686247002524949,0.1553827160493827,0.0022584158177341
1.049,acetic_acid,CC(O)=O,8.884501480750248e-05,C=Cc1ccccc1;C=C(CO),5,298,3.451021975308642,0.0446207153746171,0.0002894392066378,10.238333333333332,7.889826000678828,0.1548148148148148,0.0026764224837243
1.049,acetic_acid,CC(O)=O,8.884501480750248e-05,C=Cc1ccccc1;C=C(CO),5,348,3.4454714814814813,0.0429830153395705,0.0002435773846457,8.860246913580248,7.386549978238081,0.1553703703703703,0.0022023805551582
1.049,acetic_acid,CC(O)=O,8.884501480750248e-05,C=Cc1ccccc1;C=C(Br),5,298,3.445069506172839,0.0410904019582367,0.0002193494684704,9.023703703703704,6.719719518405189,0.1544691358024691,0.0022829827779187
1.049,acetic_acid,CC(O)=O,8.884501480750248e-05,C=Cc1ccccc1;C=C(Br),5,348,3.4554706172839507,0.0487735116926066,0.000347954769506,11.217395061728396,8.181340142989061,0.1549506172839506,0.0023980508266316
1.049,acetic_acid,CC(O)=O,8.884501480750248e-05,C=Cc1ccccc1;C=C(F),5,298,3.443856049382716,0.0429161800527324,0.0002291385357143,8.136296296296296,6.5910389848538165,0.1555432098765432,0.002266499899726
1.049,acetic_acid,CC(O)=O,8.884501480750248e-05,C=Cc1ccccc1;C=C(F),5,348,3.448967160493827,0.0447461993760796,0.0002968245538169,9.800827160493826,7.812933362266245,0.1546049382716049,0.002472960001502
1.049,acetic_acid,CC(O)=O,8.884501480750248e-05,C=Cc1ccccc1;C=CCl,5,298,3.448870740740741,0.0429353545009001,0.000254284028253,9.11248148148148,7.017228073100088,1.1497407407407407,0.0402592762956112
1.049,acetic_acid,CC(O)=O,8.884501480750248e-05,C=Cc1ccccc1;C=CCl,5,348,3.4466933333333336,0.0449568061835159,0.0002559661326887,9.120493827160493,7.443703704645591,1.1224074074074075,0.0298633834909136
1.049,acetic_acid,CC(O)=O,8.884501480750248e-05,C=C(CN);C=CCl,5,298,3.443402962962963,0.0460606509296206,0.0002728416249126,7.895320987654321,7.402949378585888,0.758888888888889,0.0468957340974977
1.049,acetic_acid,CC(O)=O,8.884501480750248e-05,C=C(CN);C=CCl,5,348,3.4508885185185187,0.0437193112997135,0.0002882201152536,8.878777777777778,7.317994223610055,0.8324197530864198,0.0883901095240153
1.049,acetic_acid,CC(O)=O,8.884501480750248e-05,C=Cc1cccc(C)c1;C=CCl,5,298,3.459577901234568,0.0492338316059955,0.0003633787617656,11.81262962962963,8.171678923619492,0.885567901234568,0.0390656106138406
1.049,acetic_acid,CC(O)=O,8.884501480750248e-05,C=Cc1cccc(C)c1;C=CCl,5,348,3.4453438271604933,0.0436478784451231,0.0002533987940584,9.558518518518518,7.714518542878907,0.9116296296296296,0.0549355277439363
1.049,acetic_acid,CC(O)=O,8.884501480750248e-05,C=C(CO);C=C(Br),5,298,3.449219259259259,0.0446280272833607,0.0002827278986892,8.49437037037037,7.5351515839888705,0.1554938271604938,0.0024450678840843
1.049,acetic_acid,CC(O)=O,8.884501480750248e-05,C=C(CO);C=C(Br),5,348,3.4471313580246914,0.0449696535469318,0.000284441053828,8.387432098765434,8.023576393767557,0.1556419753086419,0.0028254078345416
1.049,acetic_acid,CC(O)=O,8.884501480750248e-05,C=C(CO);C=C(F),5,298,3.455622222222222,0.047974815512483,0.0003325611348331,9.677950617283951,8.445381364546131,0.1552839506172839,0.0030071296674848
1.049,acetic_acid,CC(O)=O,8.884501480750248e-05,C=C(CO);C=C(F),5,348,3.442943827160493,0.0439712988200342,0.0002504113046347,7.629839506172838,7.267379524084403,0.1548641975308642,0.002752117417911
1.049,acetic_acid,CC(O)=O,8.884501480750248e-05,C=C(CO);C=CCl,5,298,3.446765061728396,0.0454307688503014,0.0002675241913112,8.143740740740743,7.033513787008872,1.1423703703703705,0.0215958640555841
1.049,acetic_acid,CC(O)=O,8.884501480750248e-05,C=C(CO);C=CCl,5,348,3.447601481481481,0.0439924614785421,0.0002763973093816,8.373666666666665,7.258924079374536,1.1342469135802469,0.0192671477988095
1.049,acetic_acid,CC(O)=O,8.884501480750248e-05,C=C(Br);C=C(F),5,298,3.439361234567901,0.0420797017247184,0.0002333093844892,7.061666666666668,5.879716664039409,0.1545679012345679,0.0022107385035291
1.049,acetic_acid,CC(O)=O,8.884501480750248e-05,C=C(Br);C=C(F),5,348,3.447763950617284,0.0429525823446231,0.0002810868681759,8.335172839506173,7.595295587174093,0.1546172839506172,0.0022142518243402
1.049,acetic_acid,CC(O)=O,8.884501480750248e-05,C=C(Br);C=CCl,5,298,3.4410224691358025,0.042355977015825,0.0002254537811539,7.428358024691358,6.607132956801713,0.9303827160493828,0.0370453735473817
1.049,acetic_acid,CC(O)=O,8.884501480750248e-05,C=C(Br);C=CCl,5,348,3.445505679012345,0.044414679308976,0.00027922632208,7.94267901234568,7.546650580448698,0.8988395061728395,0.0315705976629073
1.049,acetic_acid,CC(O)=O,8.884501480750248e-05,C=C(F);C=CCl,5,298,3.445483456790123,0.044439611908399,0.0002824508633586,7.972382716049383,7.320809626965392,0.8953086419753086,0.0470517555792984
1.049,acetic_acid,CC(O)=O,8.884501480750248e-05,C=C(F);C=CCl,5,348,3.451194814814815,0.0458853908839256,0.0003134085345241,8.449407407407408,8.007317904217642,0.9837407407407408,0.0256692051547854
1.049,acetic_acid,CC(O)=O,8.884501480750248e-05,C=C;CC=C;C=Cc1ccccc1,5,298,3.442784197530864,0.0412647025459762,0.0002428443545708,7.234395061728395,6.434696671276249,0.1540864197530864,0.0026814291880402
1.049,acetic_acid,CC(O)=O,8.884501480750248e-05,C=C;CC=C;C=Cc1ccccc1,5,348,3.443383456790124,0.0451441027460061,0.0002817107532847,7.989283950617285,7.226193872456994,0.154753086419753,0.0026691232397689
1.049,acetic_acid,CC(O)=O,8.884501480750248e-05,C=C;CC=C;C=C(CO),5,298,3.447570740740741,0.0454320235342238,0.0002867640704547,8.426197530864199,7.582666390565471,0.1546172839506172,0.0022909801731878
1.049,acetic_acid,CC(O)=O,8.884501480750248e-05,C=C;CC=C;C=C(CO),5,348,3.448378888888889,0.0468226040431618,0.0002948342759967,8.592913580246915,8.11653989435949,0.1553456790123456,0.0025198495635439
1.049,acetic_acid,CC(O)=O,8.884501480750248e-05,C=C;CC=C;C=C(Br),5,298,3.4468843209876545,0.0434656879558717,0.000261367898892,8.043246913580246,7.09384422681682,0.1545061728395061,0.0027671952051598
1.049,acetic_acid,CC(O)=O,8.884501480750248e-05,C=C;CC=C;C=C(Br),5,348,3.443444567901235,0.0451853707902819,0.0002869600137975,7.75953086419753,7.513394000685791,0.1545185185185185,0.0028893636836803
1.049,acetic_acid,CC(O)=O,8.884501480750248e-05,C=C;CC=C;C=C(F),5,298,3.442545925925926,0.0449449085480166,0.0002644967804706,7.439827160493827,7.727255238807765,0.1546172839506173,0.0026037385336225
1.049,acetic_acid,CC(O)=O,8.884501480750248e-05,C=C;CC=C;C=C(F),5,348,3.448120864197531,0.0473670295343447,0.0002984264243094,8.574641975308642,8.010503099609622,0.1544197530864197,0.0027119497679662
1.049,acetic_acid,CC(O)=O,8.884501480750248e-05,C=C;CC=C;C=CCl,5,298,3.4390658024691354,0.0429388063817783,0.0002167557422123,7.216962962962964,6.464015306875221,0.9759135802469132,0.0313208003030937
1.049,acetic_acid,CC(O)=O,8.884501480750248e-05,C=C;CC=C;C=CCl,5,348,3.4484211111111107,0.0445904701937394,0.0002678257063436,8.21395061728395,7.319650030258454,0.8630370370370372,0.0383165645913754
1.049,acetic_acid,CC(O)=O,8.884501480750248e-05,C=C;C=Cc1ccccc1;C=C(CO),5,298,3.444230864197531,0.0414536866429296,0.0002510433130327,8.14637037037037,6.775202728404069,0.1547654320987654,0.0024255410746158
1.049,acetic_acid,CC(O)=O,8.884501480750248e-05,C=C;C=Cc1ccccc1;C=C(CO),5,348,3.44454975308642,0.0437928043859766,0.0002528489238225,8.06141975308642,7.231358245220668,0.1540864197530864,0.0027451305074294
1.049,acetic_acid,CC(O)=O,8.884501480750248e-05,C=C;C=Cc1ccccc1;C=C(Br),5,298,3.4421485185185183,0.0402204151561874,0.0002220665948541,7.148111111111111,6.731225838133097,0.1540864197530864,0.0023264317554349
1.049,acetic_acid,CC(O)=O,8.884501480750248e-05,C=C;C=Cc1ccccc1;C=C(Br),5,348,3.4448643209876546,0.0422316431576868,0.0002302249697135,8.589950617283952,7.4035041868344305,0.1542222222222222,0.0027888667551135
1.049,acetic_acid,CC(O)=O,8.884501480750248e-05,C=C;C=Cc1ccccc1;C=C(F),5,298,3.446707037037037,0.0441647058528945,0.0002671572200511,8.290308641975306,6.943226738823632,0.1537901234567901,0.0024930325099905
1.049,acetic_acid,CC(O)=O,8.884501480750248e-05,C=C;C=Cc1ccccc1;C=C(F),5,348,3.4433666666666665,0.042985536700524,0.0002440799580962,8.166148148148148,7.410430215449851,0.1539135802469135,0.0022563902717338
1.049,acetic_acid,CC(O)=O,8.884501480750248e-05,C=C;C=Cc1ccccc1;C=CCl,5,298,3.44985975308642,0.0485114324561889,0.0002981881909003,9.523493827160491,8.368436575555657,0.9350987654320988,0.048567276728742
1.049,acetic_acid,CC(O)=O,8.884501480750248e-05,C=C;C=Cc1ccccc1;C=CCl,5,348,3.44734024691358,0.0455850480949135,0.0002750163458071,8.946135802469136,7.924071497974667,1.1486296296296294,0.0391598321679036
1.049,acetic_acid,CC(O)=O,8.884501480750248e-05,C=C;C=C(CN);C=C(CO),5,298,3.4469243209876543,0.0463562093524329,0.0003264924466601,8.256604938271604,7.660281034200937,0.1546543209876543,0.0025345050595662
1.049,acetic_acid,CC(O)=O,8.884501480750248e-05,C=C;C=C(CN);C=C(CO),5,348,3.4480617283950616,0.0450719374188825,0.0002812825696922,8.148580246913582,8.08750379756691,0.1542222222222222,0.0023517789431685
1.049,acetic_acid,CC(O)=O,8.884501480750248e-05,C=C;C=C(CN);C=C(Br),5,298,3.4419653086419757,0.0435350892416118,0.0002344498996897,7.268061728395063,6.74961339971204,0.1543827160493827,0.0021634899859652
1.049,acetic_acid,CC(O)=O,8.884501480750248e-05,C=C;C=C(CN);C=C(Br),5,348,3.4463638271604937,0.0440482402660767,0.0003015039796297,8.003629629629629,7.799095753923988,0.154432098765432,0.0027439642927028
1.049,acetic_acid,CC(O)=O,8.884501480750248e-05,C=C;C=C(CN);C=C(F),5,298,3.4444040740740745,0.0437492881572502,0.0002663867861781,7.623382716049383,6.832247061930417,0.154037037037037,0.0027145899558235
1.049,acetic_acid,CC(O)=O,8.884501480750248e-05,C=C;C=C(CN);C=C(F),5,348,3.447087160493828,0.0455085214713146,0.0002864143058333,8.08620987654321,7.614764110734138,0.1548024691358024,0.0025744219204233
1.049,acetic_acid,CC(O)=O,8.884501480750248e-05,C=C;C=C(CN);C=CCl,5,298,3.448227160493828,0.0458751244418419,0.0002908458785212,8.360592592592594,7.785312083752752,1.1221604938271603,0.0470354362839636
1.049,acetic_acid,CC(O)=O,8.884501480750248e-05,C=C;C=C(CN);C=CCl,5,348,3.447971851851852,0.0446641288419758,0.000309103076746,8.09116049382716,7.712361553203283,1.1779876543209875,0.0409972880244777
1.049,acetic_acid,CC(O)=O,8.884501480750248e-05,C=C;C=Cc1cccc(C)c1;C=C(CO),5,298,3.446117530864197,0.0442663885681487,0.0002513780609913,8.279037037037037,6.675996509412657,0.1542222222222222,0.0024494897427831
1.049,acetic_acid,CC(O)=O,8.884501480750248e-05,C=C;C=Cc1cccc(C)c1;C=C(CO),5,348,3.446949135802469,0.0452781027990387,0.0002555193563847,8.708518518518519,7.329086753799466,0.1540123456790123,0.0023648340696129
1.049,acetic_acid,CC(O)=O,8.884501480750248e-05,C=C;C=Cc1cccc(C)c1;C=C(Br),5,298,3.445201851851852,0.04351628059494,0.0002563007789854,9.02688888888889,7.06686441547216,0.1546296296296296,0.0025984061802652
1.049,acetic_acid,CC(O)=O,8.884501480750248e-05,C=C;C=Cc1cccc(C)c1;C=C(Br),5,348,3.446621234567901,0.0429438550881714,0.0002505272839577,8.626802469135802,6.996188437452181,0.1538518518518518,0.0025293883079946
1.049,acetic_acid,CC(O)=O,8.884501480750248e-05,C=C;C=Cc1cccc(C)c1;C=C(F),5,298,3.4478940740740742,0.0435730750416711,0.0002664291480478,8.79341975308642,7.49593183471681,0.1535802469135802,0.00270739361489
1.049,acetic_acid,CC(O)=O,8.884501480750248e-05,C=C;C=Cc1cccc(C)c1;C=C(F),5,348,3.4619530864197534,0.0484011748312157,0.0003923860561322,11.768629629629627,9.097649669950298,0.1544197530864197,0.0025908871521797
1.049,acetic_acid,CC(O)=O,8.884501480750248e-05,C=C;C=Cc1cccc(C)c1;C=CCl,5,298,3.4493853086419755,0.0451525910303782,0.0002689883321812,9.13379012345679,7.207757533356372,0.838148148148148,0.0672236200242387
1.049,acetic_acid,CC(O)=O,8.884501480750248e-05,C=C;C=Cc1cccc(C)c1;C=CCl,5,348,3.443314691358025,0.0442422924887242,0.0002483297198838,8.809469135802471,7.301289676516434,0.9268765432098766,0.05367354055726
1.049,acetic_acid,CC(O)=O,8.884501480750248e-05,C=C;C=C(CO);C=C(Br),5,298,3.444118271604938,0.0441098690782354,0.0002608197205209,7.763617283950618,7.310690696402543,0.1544320987654321,0.0023090710633132
1.049,acetic_acid,CC(O)=O,8.884501480750248e-05,C=C;C=C(CO);C=C(Br),5,348,3.447242469135803,0.0435106032353421,0.0002601924622599,8.124370370370372,7.847551604405889,0.154395061728395,0.0025125807515832
1.049,acetic_acid,CC(O)=O,8.884501480750248e-05,C=C;C=C(CO);C=C(F),5,298,3.4422993827160497,0.0421365515749842,0.000251643428732,7.080777777777777,6.6319717940099245,0.1540123456790123,0.0028867249466381
1.049,acetic_acid,CC(O)=O,8.884501480750248e-05,C=C;C=C(CO);C=C(F),5,348,3.441872345679012,0.0443744242117846,0.0002421500722672,7.248160493827161,7.093050901953159,0.1546172839506172,0.0021634899859652
1.049,acetic_acid,CC(O)=O,8.884501480750248e-05,C=C;C=C(CO);C=CCl,5,298,3.444822345679013,0.043304560882928,0.000254333747331,7.403543209876544,7.362451450382816,1.151641975308642,0.0394741073572755
1.049,acetic_acid,CC(O)=O,8.884501480750248e-05,C=C;C=C(CO);C=CCl,5,348,3.451517777777777,0.0484209451924818,0.0003071645441146,9.372604938271603,8.586199545436251,1.073246913580247,0.0946393454137894
1.049,acetic_acid,CC(O)=O,8.884501480750248e-05,C=C;C=C(Br);C=C(F),5,298,3.447566049382716,0.0415350589285135,0.0002301176827925,8.042345679012344,7.3751964010852,0.1544938271604938,0.0024196900974416
1.049,acetic_acid,CC(O)=O,8.884501480750248e-05,C=C;C=C(Br);C=C(F),5,348,3.4443897530864205,0.043769025604966,0.0002597649078901,7.502679012345681,7.353782647746685,0.154074074074074,0.002679495888546
1.049,acetic_acid,CC(O)=O,8.884501480750248e-05,C=C;C=C(Br);C=CCl,5,298,3.4443590123456787,0.0452705800578877,0.0002706359506721,7.916061728395062,7.77519412062963,0.9787777777777776,0.084356094132457
1.049,acetic_acid,CC(O)=O,8.884501480750248e-05,C=C;C=C(Br);C=CCl,5,348,3.449507160493827,0.0489036972834016,0.0003335902559476,9.144864197530865,8.20621313058104,1.0668024691358025,0.0791551718365342
1.049,acetic_acid,CC(O)=O,8.884501480750248e-05,C=C;C=C(F);C=CCl,5,298,3.448105185185186,0.0458779109309203,0.0003140460850299,8.40435802469136,7.926738920190028,0.6989753086419753,0.0835221527956553
1.049,acetic_acid,CC(O)=O,8.884501480750248e-05,C=C;C=C(F);C=CCl,5,348,3.4471693827160497,0.0447148290464807,0.0002870393894127,8.252802469135801,7.496291982830296,0.8616790123456789,0.0705627865341851
1.049,acetic_acid,CC(O)=O,8.884501480750248e-05,CC=C;C=Cc1ccccc1;C=C(CO),5,298,3.4450351851851857,0.0438934746158764,0.0002566935700751,8.857975308641976,7.541915301774703,0.1545432098765432,0.0023150041074866
1.049,acetic_acid,CC(O)=O,8.884501480750248e-05,CC=C;C=Cc1ccccc1;C=C(CO),5,348,3.442774691358024,0.0432178527379034,0.0002554092304941,8.251061728395062,7.005109883340239,0.1540123456790123,0.0023066935727423
1.049,acetic_acid,CC(O)=O,8.884501480750248e-05,CC=C;C=Cc1ccccc1;C=C(Br),5,298,3.4475585185185187,0.0457488311693399,0.0002831110491678,8.736,7.714755270835808,0.1538148148148148,0.0022339198296296
1.049,acetic_acid,CC(O)=O,8.884501480750248e-05,CC=C;C=Cc1ccccc1;C=C(Br),5,348,3.444819506172839,0.0447369718093403,0.0002591025114179,8.519,7.1168211727525,0.1544567901234568,0.002538831182014
1.049,acetic_acid,CC(O)=O,8.884501480750248e-05,CC=C;C=Cc1ccccc1;C=C(F),5,298,3.4442023456790123,0.0425041224804268,0.0002550259780389,8.313296296296294,6.664184153422459,0.1542962962962963,0.0022740861382235
1.049,acetic_acid,CC(O)=O,8.884501480750248e-05,CC=C;C=Cc1ccccc1;C=C(F),5,348,3.444275925925927,0.0422991089646624,0.0002337738395213,8.009679012345677,7.093472525136625,0.1540864197530864,0.0028336493543333
1.049,acetic_acid,CC(O)=O,8.884501480750248e-05,CC=C;C=Cc1ccccc1;C=CCl,5,298,3.4456020987654314,0.0406284671444636,0.0002279833610436,8.398234567901234,6.478226792655276,1.351506172839506,0.0428863336765576
1.049,acetic_acid,CC(O)=O,8.884501480750248e-05,CC=C;C=Cc1ccccc1;C=CCl,5,348,3.447340493827161,0.0436976300145893,0.0002800051058288,8.6259012345679,7.46404649067359,1.1417407407407407,0.0680649250290073
1.049,acetic_acid,CC(O)=O,8.884501480750248e-05,CC=C;C=C(CN);C=C(CO),5,298,3.4445153086419755,0.0430826392260562,0.0002411831668618,7.655827160493827,7.287027839631094,0.1542098765432098,0.0026139041769902
1.049,acetic_acid,CC(O)=O,8.884501480750248e-05,CC=C;C=C(CN);C=C(CO),5,348,3.444525308641976,0.0438791099678583,0.0002576671801255,7.573753086419752,7.161626285289173,0.1545555555555555,0.0024845199749997
1.049,acetic_acid,CC(O)=O,8.884501480750248e-05,CC=C;C=C(CN);C=C(Br),5,298,3.4407327160493826,0.0424899954241182,0.0002304067277989,7.315876543209876,6.569340960204843,0.1542469135802469,0.002185987158409
1.049,acetic_acid,CC(O)=O,8.884501480750248e-05,CC=C;C=C(CN);C=C(Br),5,348,3.45005,0.0438970563145915,0.0002826616583358,8.24385185185185,7.114411109490528,0.154395061728395,0.0022861850931497
1.049,acetic_acid,CC(O)=O,8.884501480750248e-05,CC=C;C=C(CN);C=C(F),5,298,3.4476118518518515,0.0463412164653046,0.0002847676586464,8.208037037037037,7.547443904558379,0.1543456790123457,0.0022175533945005
1.049,acetic_acid,CC(O)=O,8.884501480750248e-05,CC=C;C=C(CN);C=C(F),5,348,3.454367530864198,0.046229948807487,0.0003046604079416,9.371012345679013,8.33456239305929,0.1541234567901234,0.0027816981936805
1.049,acetic_acid,CC(O)=O,8.884501480750248e-05,CC=C;C=C(CN);C=CCl,5,298,3.4470945679012344,0.044957620154969,0.000295356995042,8.65179012345679,7.724303846879329,1.2218518518518515,0.0292655408165763
0.6606000000000001,n-hexane,CCCCCC,0.0001579466929911,CC=C;C=Cc1ccccc1,5,298,3.572327654320987,0.0146495343769265,0.0035714056531111,111.41412345679016,15.197665171864935,0.6791851851851852,0.0297392416946135
0.75,dodecane,CCCCCCCCCCCC,8.884501480750248e-05,CC=C;C=Cc1ccccc1;C=CCl,20,298,1.0629525185185185,0.0556893500036578,0.000405944301365,19.74992592592593,0.4666535124542311,0.1541481481481481,0.0034070048071333
1.07,phenol,Oc1ccccc1,0.0001184600197433,CC=C;C=C(C(=O)N(C)C);C=CCl,23,280,1.114170074074074,0.0841900740160858,148.56327325845805,23.15923456790124,0.6967149242829817,0.1359876543209876,0.0027998845970948
0.6606000000000001,n-hexane,CCCCCC,0.0001579466929911,C=C(C(=O)N(C)C);C=CCC;C=Cc1cccc(C)c1,14,280,0.8838916172839506,0.0230833218673954,0.0013394420168622,17.29758024691358,0.4781506003832398,0.154395061728395,0.0036198322461153
0.877,benzene,c1ccccc1,9.378084896347484e-05,CC=CC;C=C(CO),24,298,0.8193162839506174,0.1869392669066901,294.2762629497456,18.009629629629632,2.023040807729634,0.1402469135802469,0.0026365468633995
0.877,benzene,c1ccccc1,9.378084896347484e-05,C=C(C(=O)N(C)C);CC=CC;C=C(C=O),14,298,0.9233202098765432,0.0918001710990788,229.8947991361737,16.59293827160494,0.6576725018171244,2.446567901234568,0.6152779345527085
1.049,acetic_acid,CC(O)=O,8.884501480750248e-05,C=C(C(=O)OCC);C=C(C(=O)O);C=Cc1cccc(C)c1,14,348,0.8474996666666665,0.0098972893957242,0.0001052398815736,17.350444444444445,0.3768906905093206,2.387,0.0518809177793688
1.293,carbon_disulfide,S=C=S,9.378084896347484e-05,CC=CC;C=C(C(=O)NCC);C=C(Br),14,298,0.6908186913580247,0.0404934729901742,0.0009553151285064,14.056654320987656,0.7054152819525483,1.7327160493827165,0.2648859635636335
1.49,chloroform,ClC(Cl)Cl,9.87166831194472e-05,C=C(C(=O)O);C=C;CC=CC,14,280,0.8193522592592594,0.0306516432873791,0.0005446608918933,12.562592592592594,0.3253876615907565,2.265827160493827,0.1881686129954423
0.6606000000000001,n-hexane,CCCCCC,0.0001579466929911,C=CCC;C=C(CO);C=C(F),14,280,0.7624051975308642,0.0271598622236999,0.0017714248914913,12.42388888888889,0.4358197328095332,2.1757654320987654,0.1663817766318885
1.293,carbon_disulfide,S=C=S,9.378084896347484e-05,CC=C;C=C(CN),20,348,0.973730851851852,0.0800405440989569,0.001877679578213,17.726185185185184,0.7345526582088963,2.5469753086419757,0.4769614207891463
1.293,carbon_disulfide,S=C=S,9.378084896347484e-05,C=C(CN);C=CCl,20,348,0.8697151975308642,0.0540564328005601,0.0096795327222822,15.198592592592592,0.5627610895360018,2.5024814814814813,0.4555899204141707
1.049,acetic_acid,CC(O)=O,8.884501480750248e-05,CC=C,25,280,1.260192098765432,0.0209666637058261,6.913627963221206e-05,18.90069135802469,0.2882083712072886,3.297074074074074,0.0675653826510635
0.7845,acetone,CC(C)=O,0.0001233958538993,C=Cc1ccccc1;C=CCl,24,348,1.141088950617284,0.1083102897014288,0.0026223184527847,24.714246913580244,1.128250087534381,3.2140987654320994,0.4743713345944246
1.261,glycerol,OCC(O)CO,2.46791707798618e-05,C=C(C(=O)N(C)C);CC=CC;C=C(C=O),14,298,0.8898899135802468,0.0158030321025588,3.0651978428680695e-05,14.524283950617283,0.2694891021213481,2.3199382716049386,0.1172540078736959
0.7845,acetone,CC(C)=O,0.0001233958538993,C=C;C=CCC;C=C(F),14,280,0.7035901975308642,0.0550900834910186,0.0022177459719924,11.504814814814816,0.4192679720335359,1.8248271604938275,0.3550372538311812
0.7845,acetone,CC(C)=O,0.0001233958538993,C=C;C=CCC;C=C(F),14,280,0.7035901975308642,0.0550900834910186,0.0022177459719924,11.504814814814816,0.4192679720335359,1.8248271604938275,0.3550372538311812
1.07,phenol,Oc1ccccc1,0.0001184600197433,CC=C;C=C(C(=O)OCC);C=C(C(=O)O),14,280,0.7469837530864197,0.0613156947623196,267.5505395640527,16.10996296296296,0.5723962506551387,1.3891111111111112,0.5270188227247419
0.786,n-propyl_alcohol,CC(O)C,8.884501480750248e-05,C=CCC;CC=CCBr;C=Cc1cccc(C)c1,14,298,0.8231616666666666,0.0322137973430525,0.000438681027832,15.378617283950618,0.6120214949808126,2.270259259259259,0.1925185113932707
1.49,chloroform,ClC(Cl)Cl,9.87166831194472e-05,C=C(C(=O)OCC);C=C(CN);C=C(CO),20,280,1.0007976790123458,0.1002871974016977,0.0013692968468588,19.8702962962963,0.8703343113097819,2.832716049382716,0.4811089872821458
0.6795,n-heptane,CCCCCCC,0.0001382033563672,C=C(CN);C=C(C(=O)O),14,298,0.6649144197530864,0.0705958670840912,0.0001534909775679,11.802592592592594,0.7066096898375304,1.5656913580246916,0.3598497506067442
0.7895,ethanol,OCC,0.0001125370187561,CC=C;C=C(C(=O)OCC);CC=CC,20,348,0.8372780617283951,0.089954811951986,0.0007953617611473,18.831962962962965,1.4084930695687927,2.232234567901234,0.5270359996982177
1.261,glycerol,OCC(O)CO,2.46791707798618e-05,CC=C;C=C(C(=O)OCC);C=CCl,14,298,0.8954153827160494,0.0199033373264403,9.1112539212703e-05,14.996901234567902,0.4657321755915001,2.442493827160494,0.1404611561309714
0.7845,acetone,CC(C)=O,0.0001233958538993,C=Cc1ccccc1;C=C(C(=O)O);C=Cc1cccc(C)c1,20,348,1.2628634567901234,0.0857402730207936,0.0109431046641533,25.39033333333333,0.7355251252517097,3.7384197530864194,0.4097057017896521
1.261,glycerol,OCC(O)CO,2.46791707798618e-05,C=C(C(=O)O);CC=CC;C=Cc1cccc(C)c1,14,298,0.8956514567901235,0.0152303103208816,8.363112425700276e-06,16.079913580246913,0.2972983785104782,2.7740987654320985,0.1004995675856149
1.049,acetic_acid,CC(O)=O,8.884501480750248e-05,CC=CC;C=Cc1cccc(C)c1;C=C(C(=O)NCC),14,280,0.8563817901234567,0.0150285240009559,0.0001329932532422,17.391740740740744,0.3553505929300633,2.7568888888888887,0.0763013842244549
0.7845,acetone,CC(C)=O,0.0001233958538993,C=C(CN);C=C(C(=O)NCC);C=C(CO),20,280,1.1957875308641976,0.0783733019156563,0.0009783951578879,20.78432098765432,0.7860632467118172,3.4267654320987653,0.4226836446994587
1.293,carbon_disulfide,S=C=S,9.378084896347484e-05,C=C;C=C(CO);C=C(F),20,298,0.8742232345679011,0.1311713011172673,0.0024366370857214,15.058543209876545,0.7268447122922663,2.3473209876543213,0.5763949868948749
0.7845,acetone,CC(C)=O,0.0001233958538993,CC=CC;C=Cc1cccc(C)c1,20,348,1.0944446790123457,0.0819777147302289,0.0125099271527033,23.269135802469137,0.9150453237521368,3.1250370370370373,0.3668908891675886
1.261,glycerol,OCC(O)CO,2.46791707798618e-05,C=CCC;C=C(F);C=CCl,14,298,0.805618148148148,0.0464329500476353,9.770978600733226e-05,12.142629629629631,0.2713457292847953,2.3111975308641983,0.1511644039810312
1.049,acetic_acid,CC(O)=O,8.884501480750248e-05,C=C(C(=O)O);C=C(C(=O)N(C)C);C=CCl,20,280,1.1283293827160492,0.0165983542502409,8.496013926837508e-05,19.52938271604938,0.3626773067577671,3.281283950617284,0.0886609904292682
1.049,acetic_acid,CC(O)=O,8.884501480750248e-05,CC=C;C=C(C(=O)OCCO);C=C(F),14,348,0.6839116913580247,0.0280234063608483,0.0004503415820082,14.268950617283952,0.3710749783219775,1.5217037037037036,0.1740252886720596
1.049,acetic_acid,CC(O)=O,8.884501480750248e-05,C=Cc1ccccc1;C=C(C(=O)O),24,280,1.329972839506173,0.0278548362817461,0.0001123764797346,26.889,0.5661251661105552,2.7204938271604937,0.0759102985021543
0.7845,acetone,CC(C)=O,0.0001233958538993,C=C(CN);C=C(C(=O)OCCO);C=CCl,14,348,0.6206035679012346,0.0490186242653001,0.0027413451327225,13.006320987654323,0.9811988865625648,1.185197530864197,0.439014452355067
0.877,benzene,c1ccccc1,9.378084896347484e-05,C=C(C(=O)N(C)C);C=CCC;C=C(C=O),14,298,0.8527235802469137,0.1270110693079047,219.2825313212212,16.1629012345679,1.1567878429954992,2.051617283950617,0.8558195489950003
0.877,benzene,c1ccccc1,9.378084896347484e-05,C=C(C(=O)OCC);C=C(F);C=CCl,14,298,0.6025015925925926,0.1238644121933112,364.7755713661673,11.61274074074074,1.2644230302597714,0.94920987654321,0.706036943671066
1.293,carbon_disulfide,S=C=S,9.378084896347484e-05,C=Cc1ccccc1;C=C(CN);C=C(C(=O)O),14,348,0.7604615679012346,0.059886587234464,0.0023690435009814,14.948654320987655,0.7075724830557117,1.6349135802469137,0.4658390332263982
1.261,glycerol,OCC(O)CO,2.46791707798618e-05,C=C(C(=O)O);C=C(C(=O)N(C)C);C=C(CO),14,298,0.9415427283950616,0.0099051787689445,6.464356869154643e-05,15.48864197530864,0.2989290063387393,2.4079259259259262,0.1208623109854153
0.6795,n-heptane,CCCCCCC,0.0001382033563672,C=C(C(=O)N(C)C);C=C;CC=CCBr,23,298,1.0996907654320989,0.0756456281801674,0.0005756124601422,21.35264197530864,0.6497059792495691,3.1304938271604943,0.3276816101282112
1.49,chloroform,ClC(Cl)Cl,9.87166831194472e-05,CC=CCBr;C=CCl,14,280,0.8205390246913581,0.0654577434842416,0.001267253731715,13.011604938271606,0.4928060415046822,1.500753086419753,0.2165724314081309
1.049,acetic_acid,CC(O)=O,8.884501480750248e-05,C=CCC,25,280,1.2832006172839507,0.015861809585374,5.59718105261788e-05,22.652185185185186,0.3495829300262048,2.607271604938272,0.06626136284492
0.6795,n-heptane,CCCCCCC,0.0001382033563672,C=Cc1cccc(C)c1;C=C(C=O);C=C(F),20,280,1.2598096296296295,0.0490460797805302,0.0007318328909828,21.012654320987654,0.8825545855953629,3.576506172839506,0.2336566079864278
1.587,carbon_tetrachloride,ClC(Cl)(Cl)Cl,0.0001046396841066,CC=C;C=C(C(=O)OCC);C=C,14,348,0.8313322716049383,0.0814303025780386,0.0028613687448429,14.525876543209876,0.6471370832455111,2.215148148148148,0.5544317547225437
1.49,chloroform,ClC(Cl)Cl,9.87166831194472e-05,C=Cc1ccccc1;CC=CC;C=C(Br),20,280,1.0260881234567902,0.0352885299727698,0.0006512923217265,19.423086419753087,0.49280324868485,2.763086419753087,0.2408457934765105
1.293,carbon_disulfide,S=C=S,9.378084896347484e-05,C=C(C(=O)OCC);C=C(C(=O)OCCO);C=CCC,14,348,0.6813993333333334,0.0459166482927972,0.0017536588118875,15.364456790123455,0.6936639711870799,0.8860000000000001,0.3779949375844948
0.7895,ethanol,OCC,0.0001125370187561,C=C(C(=O)N(C)C);C=C(CO);C=C(F),20,348,1.0914573209876544,0.0894193144311063,0.0004759171353975,19.82785185185185,0.7544824259971505,2.984123456790124,0.5237967370989036
0.7845,acetone,CC(C)=O,0.0001233958538993,C=C(C(=O)O);C=C;C=C(F),20,280,1.2320298765432098,0.0916008059225669,0.0047235022948841,15.900691358024693,0.486802610185423,3.718345679012345,0.3486581742643202
0.786,n-propyl_alcohol,CC(O)C,8.884501480750248e-05,C=C(C(=O)O);C=CCC;C=C(CO),20,348,0.9792973086419752,0.0854978095270111,0.0033623127933804,17.70495061728395,0.49829400070801,2.397271604938272,0.4270550030306091
0.6606000000000001,n-hexane,CCCCCC,0.0001579466929911,CC=C;C=C(C(=O)N(C)C);CC=CC,20,280,0.9922395679012344,0.0434464118397775,0.0006313301613167,18.739,0.5034047778581073,3.1290617283950617,0.2199675254190671
0.877,benzene,c1ccccc1,9.378084896347484e-05,C=C(CN);C=C(C(=O)NCC);C=C(Br),20,298,0.913919172839506,0.160562989302325,216.1337956615179,19.15043209876543,2.0178493314422083,2.2605432098765434,0.8469399099675665
1.49,chloroform,ClC(Cl)Cl,9.87166831194472e-05,CC=C;CC=CCBr;C=C(CO),23,280,1.142721358024691,0.0527640418090986,0.0002017855208375,19.32633333333333,0.408750429455734,3.424530864197532,0.1145689814763887
1.049,acetic_acid,CC(O)=O,8.884501480750248e-05,C=C(C(=O)OCC);C=C(C(=O)N(C)C);CC=CCBr,20,280,1.0843417283950618,0.0201143209709838,0.0001299102403318,21.88408641975309,0.5064735303804837,3.0259135802469133,0.1104960976385803
0.877,benzene,c1ccccc1,9.378084896347484e-05,C=C(C(=O)N(C)C);C=C(F);C=CCl,23,298,0.8597552345679013,0.1776849464296579,266.43435604140086,18.623543209876544,2.380385175022362,2.312814814814815,0.8360476256608315
0.7845,acetone,CC(C)=O,0.0001233958538993,C=C(C(=O)N(C)C);C=CCC;C=C(C=O),20,280,0.914917037037037,0.1265329502058209,0.0017304761959953,19.171382716049383,1.176267412779905,2.697888888888889,0.514679811768419
1.587,carbon_tetrachloride,ClC(Cl)(Cl)Cl,0.0001046396841066,CC=CCBr;C=C(Br),14,348,0.81462824691358,0.0283909236311605,0.0020899288709292,12.52004938271605,0.3274590503560907,2.0374567901234566,0.1777091568524336
1.49,chloroform,ClC(Cl)Cl,9.87166831194472e-05,C=C(C(=O)OCC);C=C(C(=O)O);C=C(C(=O)N(C)C),14,280,0.860960074074074,0.0202279127944334,0.0006476622674751,16.84302469135802,0.4281636059550261,2.5270246913580245,0.1125117250744371
1.587,carbon_tetrachloride,ClC(Cl)(Cl)Cl,0.0001046396841066,C=C;CC=CC;C=C(C(=O)NCC),20,348,0.9006057160493829,0.0821559793500677,0.0050812375351848,18.501765432098765,0.9320387088820092,2.483296296296297,0.4305828219164025
1.293,carbon_disulfide,S=C=S,9.378084896347484e-05,C=C(C(=O)OCCO);C=C(Br);C=C(F),14,348,0.8077798024691357,0.0801392647899398,0.001816914337942,13.432456790123457,0.4742778539008624,2.0766049382716045,0.4086361742902559
1.49,chloroform,ClC(Cl)Cl,9.87166831194472e-05,C=C(C(=O)N(C)C);C=CCC;C=C(CO),20,280,1.14274975308642,0.0680118379124938,0.0006108018671637,20.3683950617284,0.4494475533201733,3.1901728395061726,0.3228984777242354
0.6606000000000001,n-hexane,CCCCCC,0.0001579466929911,C=C(C(=O)O);C=CCC;C=C(C=O),14,280,0.6954192345679011,0.0427256383764288,0.0014545883282674,12.336753086419751,0.3709515136152391,1.8654320987654325,0.3466914855172579
1.049,acetic_acid,CC(O)=O,8.884501480750248e-05,C=C(CN);C=C(Br);C=C(F),23,348,1.2948433333333331,0.0205322764879537,0.0002886015693569,17.81602469135802,0.2937512164538464,3.3309135802469134,0.1135931876685952
0.786,n-propyl_alcohol,CC(O)C,8.884501480750248e-05,C=C;CC=CCBr;C=C(F),14,298,0.7814238888888889,0.0630421521286539,0.0009712187653732,11.843432098765431,0.3446796665745111,1.8083827160493824,0.465508737181831
1.049,acetic_acid,CC(O)=O,8.884501480750248e-05,C=C(CO);C=C(F),24,348,1.257229012345679,0.0249566027585238,0.0003818689976866,17.979641975308642,0.5092712612128557,3.464012345679012,0.0609704429155029
0.877,benzene,c1ccccc1,9.378084896347484e-05,C=C;C=CCC;CC=CCBr,14,298,0.6084295061728395,0.0263530499966608,233.0947707106857,11.36511111111111,0.4856746357921647,1.0683703703703704,0.4848480847594683
0.6795,n-heptane,CCCCCCC,0.0001382033563672,CC=C;C=C(C(=O)OCCO);C=CCC,14,280,0.6490502222222222,0.0621455009114164,0.0002974893639021,13.738456790123458,1.1765182578676243,0.7951481481481482,0.3447567799353415
1.49,chloroform,ClC(Cl)Cl,9.87166831194472e-05,C=C(CO);C=C(F),20,280,0.9185885432098764,0.0274973798029177,0.000778969523057,14.952432098765431,0.3757268819686273,2.483111111111111,0.1658132967608932
0.7845,acetone,CC(C)=O,0.0001233958538993,CC=CCBr;C=C(Br);C=CCl,14,348,0.7580113333333334,0.1053860373999525,0.0029586812618358,12.312555555555557,0.731748287019215,1.835543209876543,0.5255660334727825
0.786,n-propyl_alcohol,CC(O)C,8.884501480750248e-05,CC=C;C=C(CN);C=Cc1cccc(C)c1,23,348,1.1803161728395062,0.0657680971586632,0.0018732299474258,24.020814814814816,0.5967707774080225,3.5866172839506167,0.3423930514431823
0.7845,acetone,CC(C)=O,0.0001233958538993,C=Cc1cccc(C)c1;C=C(C=O);C=CCl,20,348,1.020688950617284,0.0636146632675166,0.0039934171874116,21.450185185185184,1.0597593963028242,2.844617283950617,0.3107518389008782
1.293,carbon_disulfide,S=C=S,9.378084896347484e-05,C=Cc1ccccc1;C=C(C(=O)N(C)C);C=C(F),20,348,1.104948950617284,0.0851008684322521,0.0005752129531642,23.13729629629629,1.0997689818516765,2.977827160493827,0.5252791095846201
1.07,phenol,Oc1ccccc1,0.0001184600197433,C=C(C(=O)OCC);CC=CCBr,20,280,1.1448680617283953,0.1225150220815315,248.8022564898464,24.46204938271605,0.9847391194442396,3.065320987654321,0.6959905070155876
0.6795,n-heptane,CCCCCCC,0.0001382033563672,CC=C;C=CCC;C=C(Br),14,298,0.7772317283950617,0.0216269307760123,0.0001595045099608,13.13474074074074,0.2783093038098181,2.5075925925925926,0.189910880839355
1.587,carbon_tetrachloride,ClC(Cl)(Cl)Cl,0.0001046396841066,CC=C;CC=CCBr;C=C(Br),14,348,0.6674430987654321,0.0302361534205205,0.0003410107324298,11.559382716049384,0.360015828455225,1.1726790123456792,0.2588131423361999
0.6606000000000001,n-hexane,CCCCCC,0.0001579466929911,CC=C;C=Cc1ccccc1;C=C(C(=O)O),20,280,1.1688102469135804,0.0558816789247174,0.0010304678401091,21.38335802469136,0.5704701614910753,3.188012345679013,0.2534188692745162
1.49,chloroform,ClC(Cl)Cl,9.87166831194472e-05,C=C;C=CCC;C=C(C=O),23,280,1.231710864197531,0.052565698861368,0.0004501566421337,19.713765432098764,0.6447312440673749,3.329975308641975,0.2852059241029598
0.7845,acetone,CC(C)=O,0.0001233958538993,CC=C;C=C(C(=O)N(C)C);CC=CC,14,348,0.6499825802469135,0.038612627041021,0.0007267536780567,13.497481481481485,0.6963200823360418,1.3070123456790124,0.3285825335118495
1.587,carbon_tetrachloride,ClC(Cl)(Cl)Cl,0.0001046396841066,C=C(CN);C=C(C(=O)OCCO);C=CCC,20,348,1.0220167407407408,0.0732544514268338,0.0006060408705764,20.41276543209877,0.8547899210773549,2.5975925925925925,0.467211765711443
1.07,phenol,Oc1ccccc1,0.0001184600197433,CC=C;C=Cc1cccc(C)c1;C=C(C=O),14,280,0.8724480370370372,0.0753480139468809,285.77937951800453,18.190555555555555,0.5732557656400031,2.2778271604938274,0.5651170924252746
1.49,chloroform,ClC(Cl)Cl,9.87166831194472e-05,CC=C;C=CCC;C=C(C=O),23,280,1.0498292962962965,0.0823142352217065,0.0009457970819853,20.038580246913583,0.7509691822546616,2.956123456790124,0.3492915363289147
0.786,n-propyl_alcohol,CC(O)C,8.884501480750248e-05,C=C(C(=O)NCC);C=C(CO);C=CCl,20,298,1.067930987654321,0.0401786592702262,0.0008382270411172,19.871135802469134,0.4062318790818621,3.070728395061728,0.2644557893152699
1.049,acetic_acid,CC(O)=O,8.884501480750248e-05,CC=CC;C=C(CO);C=CCl,20,348,0.9985090864197532,0.0363287517879986,9.840350150237043e-05,16.977333333333334,0.3164880587921521,3.1022222222222218,0.153694823482875
0.6795,n-heptane,CCCCCCC,0.0001382033563672,C=CCC;C=C(C(=O)NCC);C=CCl,20,298,1.169145061728395,0.0447849883944387,0.0003073976871499,20.482530864197532,0.5036004218126416,3.6073333333333335,0.3305963933690777
1.587,carbon_tetrachloride,ClC(Cl)(Cl)Cl,0.0001046396841066,C=C(C(=O)OCC);C=C(CN);C=C(C(=O)OCCO),14,348,0.760566888888889,0.0629479737759193,0.0024336874080486,16.191728395061727,0.8446589495444727,1.9054444444444445,0.4219568171691927
1.049,acetic_acid,CC(O)=O,8.884501480750248e-05,C=C(CN);C=C(C(=O)O);C=Cc1cccc(C)c1,20,280,1.1182634567901235,0.0127450024251089,0.0001210003045712,21.942765432098764,0.3821590474795701,2.9437283950617283,0.0943518516499271
0.6795,n-heptane,CCCCCCC,0.0001382033563672,CC=C;CC=CCBr,24,298,1.3495508641975311,0.0251424553736528,0.0001193840851302,20.332037037037036,0.3918666453834268,3.688802469135804,0.185148083526159
1.261,glycerol,OCC(O)CO,2.46791707798618e-05,C=C(CN);CC=CCBr,14,298,0.8854671481481481,0.0158619670522976,2.5015405886960334e-05,13.77901234567901,0.2368014479970722,2.297123456790123,0.1160113215756532
1.07,phenol,Oc1ccccc1,0.0001184600197433,C=C(C(=O)OCCO);C=CCC;C=CCl,20,280,0.9154870123456788,0.1844443184879418,221.7820560834228,21.342666666666663,1.1429040226275655,1.7056790123456789,1.0638505281991648
0.786,n-propyl_alcohol,CC(O)C,8.884501480750248e-05,C=C(C(=O)NCC);C=C(CO);C=C(F),20,348,0.8768161234567903,0.0774997851232995,0.0040144675237626,18.58974074074074,1.073490956654598,2.6669876543209874,0.2598149623528233
1.293,carbon_disulfide,S=C=S,9.378084896347484e-05,C=Cc1ccccc1;C=C(C(=O)O),20,298,1.09287187654321,0.060619585550225,0.0041045871222029,23.369185185185184,0.6156230430535767,3.324506172839506,0.2916964481496657
0.786,n-propyl_alcohol,CC(O)C,8.884501480750248e-05,C=C(CN);C=C(C(=O)O);C=C(Br),23,298,1.2491885185185183,0.0348570305752119,0.0002155627770509,19.473086419753084,0.3809219873318694,3.489987654320988,0.1170495825958205
1.07,phenol,Oc1ccccc1,0.0001184600197433,C=Cc1ccccc1;C=C(C(=O)NCC);C=CCl,14,280,0.7333479259259259,0.100275372154928,297.5406349831101,17.088419753086416,1.1129210909456,1.6319753086419757,0.7386928390755172
0.6795,n-heptane,CCCCCCC,0.0001382033563672,C=C(C(=O)OCC);C=C(CN);CC=CC,20,280,1.091141851851852,0.0363287400124423,0.0005894212959407,21.08516049382716,0.5176499235753195,2.9585308641975305,0.2258459589976085
1.49,chloroform,ClC(Cl)Cl,9.87166831194472e-05,C=C(CN);C=C(C(=O)N(C)C),14,280,0.8257625802469136,0.0243201047080186,0.0005378612081832,15.190641975308642,0.3589271155645058,2.5203703703703706,0.1807705348849167
0.786,n-propyl_alcohol,CC(O)C,8.884501480750248e-05,C=C(CN);CC=CCBr,20,348,1.1176535802469136,0.0240747175570854,0.0014826206443742,19.06171604938272,0.3942858909680785,3.610135802469137,0.1091010125544462
0.877,benzene,c1ccccc1,9.378084896347484e-05,C=C(CN);CC=CC;C=C(CO),14,298,0.6307224938271605,0.0575514819772768,322.4380610849948,12.657654320987657,0.8669327107396888,1.3521851851851852,0.4993394923991193
0.7845,acetone,CC(C)=O,0.0001233958538993,CC=C;C=C;CC=CCBr,14,348,0.807031938271605,0.0510020738966723,0.0016325961896536,11.875444444444446,0.4630534193112091,2.0964320987654324,0.4343629346176642
1.587,carbon_tetrachloride,ClC(Cl)(Cl)Cl,0.0001046396841066,CC=C;CC=CCBr;C=C(F),20,348,0.9388286666666668,0.069842753897418,0.0026088424976716,16.521827160493828,0.5163167701746111,2.2896543209876543,0.4954533317708243
1.049,acetic_acid,CC(O)=O,8.884501480750248e-05,CC=C;C=CCC,24,280,1.200350864197531,0.0304443826924568,0.0001001022796068,20.26174074074074,0.5365893613007807,3.3245061728395067,0.1390541348936875
1.587,carbon_tetrachloride,ClC(Cl)(Cl)Cl,0.0001046396841066,CC=CCBr;C=C(C(=O)NCC);C=C(CO),23,348,1.1823403703703703,0.0625221382311787,0.000651356699064,22.89811111111111,0.7290694898208636,3.3999876543209875,0.2987904626796594
1.293,carbon_disulfide,S=C=S,9.378084896347484e-05,C=C(CO);C=C(F);C=CCl,20,298,0.7565539012345679,0.1196844629583133,0.0013619378775651,13.910271604938274,0.8930747830982948,1.839407407407408,0.7396299671729046
0.6795,n-heptane,CCCCCCC,0.0001382033563672,CC=C;C=C(C(=O)NCC);C=C(F),23,280,1.138380987654321,0.0496915011638149,0.0008531907382305,21.58040740740741,0.6043499267967232,3.0660864197530864,0.3599260279808144
1.293,carbon_disulfide,S=C=S,9.378084896347484e-05,C=Cc1ccccc1;C=C(C(=O)O);C=CCC,20,298,0.98875012345679,0.0362721572356534,0.0015400099402284,20.59304938271605,0.7045282442486344,2.2890740740740743,0.3026927210917376
1.07,phenol,Oc1ccccc1,0.0001184600197433,C=Cc1ccccc1;C=C(C(=O)OCCO);C=C(C(=O)N(C)C),14,280,0.8438728271604937,0.0646460775437867,242.2533278775968,19.834617283950617,0.7180523996131161,2.094753086419753,0.5295635643275635
0.7895,ethanol,OCC,0.0001125370187561,CC=C;C=C(C(=O)NCC);C=C(Br),20,348,1.1937162962962962,0.0648889974779236,0.0015026640206577,20.378987654320987,0.6162034595418041,3.8322222222222218,0.3034219243850563
0.6795,n-heptane,CCCCCCC,0.0001382033563672,C=C;C=C(C=O);C=CCl,14,298,0.7687780864197531,0.0618610788301462,0.0002440260061516,11.189271604938272,0.3921571243537147,2.166703703703704,0.3515226296016873
1.049,acetic_acid,CC(O)=O,8.884501480750248e-05,C=C(C(=O)O);C=C(C(=O)NCC),14,348,0.8908145925925925,0.013426410695616,0.0002698354243417,16.82633333333333,0.353809427674152,2.6292469135802468,0.0975691626633112
0.6606000000000001,n-hexane,CCCCCC,0.0001579466929911,C=CCC;CC=CCBr;C=C(C(=O)NCC),14,280,0.764015987654321,0.035937348982826,0.0007336010003794,14.88643209876543,0.445528232419955,1.9159135802469127,0.2291386015154709
0.7895,ethanol,OCC,0.0001125370187561,C=C(C(=O)OCCO);C=C(C(=O)N(C)C);C=C(CO),20,348,0.9161047654320988,0.0449175513668858,0.001249999389415,23.07772839506173,0.7247816020534751,1.533037037037037,0.4903282207464268
1.49,chloroform,ClC(Cl)Cl,9.87166831194472e-05,C=C(CN);C=C(C(=O)OCCO);C=C(F),14,280,0.8721273456790125,0.0331956053926823,0.0010833977635157,14.766753086419756,0.5616655683221309,2.6276049382716047,0.1812026134913823
1.07,phenol,Oc1ccccc1,0.0001184600197433,C=Cc1ccccc1;C=C(C(=O)N(C)C);CC=CCBr,20,280,1.0502671975308642,0.1222333106848265,160.41572944046158,24.01381481481482,1.0473424229408603,2.635765432098766,0.6139014734075605
0.6606000000000001,n-hexane,CCCCCC,0.0001579466929911,C=C(C(=O)O);C=C(C(=O)OCCO);C=C(Br),14,280,0.7765965925925925,0.0311224819548754,0.0004320034671652,13.215283950617282,0.479234349089624,2.3703333333333334,0.1236344672066875
1.049,acetic_acid,CC(O)=O,8.884501480750248e-05,C=C(C=O);C=C(Br);C=CCl,23,280,1.2007195061728393,0.0212373480652023,6.013786406811803e-05,18.21797530864198,0.2956820938523413,3.1287654320987657,0.1545674387639514
1.293,carbon_disulfide,S=C=S,9.378084896347484e-05,C=C(CN);C=Cc1cccc(C)c1;C=C(C(=O)NCC),14,348,0.8668449506172841,0.0368013245594624,0.003612424570155,18.928506172839505,0.6376073354027748,2.328950617283951,0.2932312491235917
1.049,acetic_acid,CC(O)=O,8.884501480750248e-05,C=CCC;C=C(C(=O)NCC);C=C(C=O),14,280,0.832917950617284,0.0137421535887509,6.58088841377746e-05,14.981370370370373,0.300808065808446,2.213975308641976,0.1111837512896136
0.877,benzene,c1ccccc1,9.378084896347484e-05,C=Cc1ccccc1;C=CCC;C=C(C(=O)NCC),14,298,0.78537412345679,0.0509689823298233,328.7767200256933,18.196938271604942,0.9144584627746754,1.753382716049383,0.4460050536142087
1.049,acetic_acid,CC(O)=O,8.884501480750248e-05,C=CCC;C=Cc1cccc(C)c1;C=C(CO),14,348,0.7304316049382715,0.0271284744747176,0.0003862049502409,16.145975308641972,0.4773238147020269,1.198506172839506,0.2091183800517695
0.786,n-propyl_alcohol,CC(O)C,8.884501480750248e-05,C=Cc1ccccc1;C=C;C=C(C=O),20,348,1.1151450617283951,0.0512287365133015,0.0021128460401201,20.21993827160493,0.4943258371020497,3.4156419753086418,0.2628864144075322
1.07,phenol,Oc1ccccc1,0.0001184600197433,C=C(CN);C=C(C(=O)N(C)C);C=C(C=O),14,280,0.8490678271604939,0.0573582602913402,196.2093026815945,16.88114814814815,0.3496905196507444,2.536469135802469,0.352296279856157
0.786,n-propyl_alcohol,CC(O)C,8.884501480750248e-05,C=CCC;CC=CCBr;C=C(C(=O)NCC),14,348,0.8105079382716049,0.045520063970302,0.0025569782101204,15.177617283950616,0.493008065140782,1.951098765432099,0.307074793034196
0.6795,n-heptane,CCCCCCC,0.0001382033563672,CC=C;C=Cc1cccc(C)c1;C=C(C=O),14,280,0.8849743827160493,0.0306106877597536,0.0004825344142026,16.64095061728395,0.3741052503000834,2.302086419753086,0.3521123276698195
0.877,benzene,c1ccccc1,9.378084896347484e-05,CC=C;CC=CCBr;C=C(Br),23,298,0.9729244074074076,0.2432885887344786,257.31850908104485,17.299407407407408,2.001090867796787,1.6549506172839503,1.341291002399145
0.7895,ethanol,OCC,0.0001125370187561,C=C(CN);C=C(F);C=CCl,20,348,0.8369232345679013,0.0800100735489934,0.0012928862909575,14.691913580246917,0.5927341585020076,2.001604938271605,0.4209094703114147
1.049,acetic_acid,CC(O)=O,8.884501480750248e-05,C=C;C=CCC;CC=CCBr,14,280,0.7353032839506173,0.0086914939888881,3.933928668886727e-05,12.701246913580244,0.2485641497974881,2.8082469135802466,0.0559628472135915
0.7895,ethanol,OCC,0.0001125370187561,C=C(C(=O)O);C=C(C(=O)OCCO);C=C(CO),14,348,0.7474245432098766,0.0262541575534376,0.0007814816438529,14.88904938271605,0.652511499378062,1.7189629629629628,0.2203832489234053
1.587,carbon_tetrachloride,ClC(Cl)(Cl)Cl,0.0001046396841066,C=C(C(=O)O);C=C(C=O),20,348,0.8361166172839507,0.0953502743746585,0.0006496777118158,15.41664197530864,0.7465153998335807,2.290197530864198,0.3259680897717734
0.7895,ethanol,OCC,0.0001125370187561,C=C(CN);C=C(C(=O)O);C=C,14,348,0.8284650493827159,0.0607715362884776,0.0027838156986941,12.549753086419752,0.3581239364361152,2.263469135802469,0.3645994279679574
0.6795,n-heptane,CCCCCCC,0.0001382033563672,C=C(CN);C=C(C(=O)OCCO);C=CCl,14,280,0.7370857777777777,0.0460149581712965,0.0002190407791984,14.335753086419752,0.4854522272681523,1.8630246913580248,0.244142792426974
1.49,chloroform,ClC(Cl)Cl,9.87166831194472e-05,C=C;C=C(F);C=CCl,14,280,0.709875925925926,0.0319760985810284,0.0013566913824026,10.279345679012344,0.2312985436800016,1.7310493827160494,0.1828994799980841
1.049,acetic_acid,CC(O)=O,8.884501480750248e-05,C=C(C(=O)OCC);C=C(C(=O)NCC);C=CCl,14,280,0.9479765802469136,0.0128001364700134,4.6688745524452805e-05,17.44704938271605,0.3414756611985356,2.905888888888889,0.0574956788499775
1.049,acetic_acid,CC(O)=O,8.884501480750248e-05,C=C(C(=O)OCCO);C=C(Br);C=CCl,14,280,0.8757043333333333,0.0112161684111447,5.290413718114508e-05,14.54395061728395,0.2734437853274178,2.2611975308641976,0.0827692642531905
1.261,glycerol,OCC(O)CO,2.46791707798618e-05,CC=C;CC=CC;C=C(CO),20,298,1.1250196296296298,0.0173752210711183,4.61650122134603e-05,17.08632098765432,0.3563527461420427,3.460172839506173,0.0720176230358908
0.6795,n-heptane,CCCCCCC,0.0001382033563672,C=C(CO);C=CCl,20,298,0.95577,0.0446155417752741,0.000677664263555,15.697555555555557,0.4029883434272902,2.4114197530864194,0.2809039141637788
0.877,benzene,c1ccccc1,9.378084896347484e-05,C=CCC;C=CCl,24,298,0.7629225679012346,0.1939704594313228,422.8983508379029,16.455259259259257,1.8756884285330504,1.480679012345679,0.8066588739623674
1.587,carbon_tetrachloride,ClC(Cl)(Cl)Cl,0.0001046396841066,C=C;C=Cc1cccc(C)c1;C=CCl,20,348,1.1147290740740745,0.0793806147994907,0.0015488557232323,21.132913580246917,0.9340653108200224,3.5066913580246912,0.2218654158827428
0.6795,n-heptane,CCCCCCC,0.0001382033563672,C=Cc1ccccc1;C=C;C=CCC,23,298,1.1543853086419753,0.0811438830611283,0.0011984905082051,23.29469135802469,1.0919107009340117,3.021074074074074,0.306892983228693
1.049,acetic_acid,CC(O)=O,8.884501480750248e-05,C=Cc1ccccc1;C=C(C(=O)OCCO);C=CCl,14,280,0.8780583703703703,0.0105903984926534,5.2444214261426426e-05,17.56683950617284,0.3259986160990895,2.2644814814814813,0.092980033846528
1.293,carbon_disulfide,S=C=S,9.378084896347484e-05,CC=CCBr,20,298,1.0812460617283952,0.0410355700333156,0.0008667444739305,19.632814814814814,0.3430020736038933,2.7630370370370367,0.440754584283056
0.7845,acetone,CC(C)=O,0.0001233958538993,C=C(C(=O)OCC);C=C(C=O);C=C(Br),23,348,1.396993827160494,0.0867783970893806,0.0066343180247253,23.041283950617284,0.8339045336391322,4.094222222222222,0.4654449616718168
1.293,carbon_disulfide,S=C=S,9.378084896347484e-05,C=C(CN);C=C(C(=O)OCCO);CC=CC,20,348,0.911975851851852,0.1110687721702646,0.005123858143387,18.67235802469136,1.2820407758065522,2.1483827160493827,0.4816330904073547
1.049,acetic_acid,CC(O)=O,8.884501480750248e-05,C=C(CN);C=C(C(=O)O);C=C(C(=O)N(C)C),23,348,1.3220930864197529,0.0243174995994717,0.0002224613102826,22.10014814814815,0.5489272166355365,2.906543209876544,0.0887034244864459
0.6795,n-heptane,CCCCCCC,0.0001382033563672,CC=C;C=C(Br);C=CCl,23,280,1.1447524691358024,0.0845163545650491,0.0003537843710961,17.78788888888889,0.3848045840439463,3.189654320987654,0.2124017949107988
0.6795,n-heptane,CCCCCCC,0.0001382033563672,C=Cc1cccc(C)c1;C=C(Br),14,298,0.8460653580246914,0.0475824246888163,0.0027611584126679,16.773481481481486,0.8187607786283045,2.471037037037037,0.3147398080580307
1.49,chloroform,ClC(Cl)Cl,9.87166831194472e-05,C=C(CN);C=C(C(=O)N(C)C),20,280,1.152018641975309,0.0459294955864141,0.000597242310766,20.936604938271604,0.3739921659908493,3.5703703703703704,0.1266232327525337
0.877,benzene,c1ccccc1,9.378084896347484e-05,CC=CCBr;C=C(F),20,298,0.9641246049382716,0.1498794277222119,282.31210711695815,18.366444444444447,1.1672800503946696,2.432753086419753,0.6816873134763999
1.261,glycerol,OCC(O)CO,2.46791707798618e-05,CC=C;CC=CCBr;C=CCl,14,298,0.8040067901234568,0.0384269108034229,0.0001074712450683,12.74364197530864,0.3831470822453633,2.567962962962963,0.0898822885153227
1.049,acetic_acid,CC(O)=O,8.884501480750248e-05,CC=C;C=Cc1ccccc1;C=C(C=O),14,280,0.9886826666666668,0.0117203258244853,7.01173562612545e-05,15.18264197530864,0.2954169394510353,3.066172839506173,0.0793599068665225
0.6795,n-heptane,CCCCCCC,0.0001382033563672,C=C(C(=O)OCC);C=C(F),20,280,1.0221984074074075,0.0471512758898833,0.00086082873234,18.88014814814815,0.5884003027903121,2.599111111111111,0.3017227899501604
1.049,acetic_acid,CC(O)=O,8.884501480750248e-05,C=C;C=CCC;CC=CC,14,280,0.7542602222222222,0.0162390954759353,8.473499131554538e-05,12.351308641975308,0.2354504819096556,2.03620987654321,0.1267631909077732
0.7845,acetone,CC(C)=O,0.0001233958538993,C=C;CC=CC;CC=CCBr,20,348,0.9752424814814812,0.1183368227648385,0.0170810440935521,17.209518518518518,0.5333529651736584,2.300716049382716,0.7870197612240953
1.049,acetic_acid,CC(O)=O,8.884501480750248e-05,C=C(C(=O)N(C)C);C=C;CC=CC,14,348,0.9142442345679012,0.0196775800713272,0.0001129897726213,14.4641975308642,0.3398346518693868,2.6174074074074074,0.0845671298513976
0.786,n-propyl_alcohol,CC(O)C,8.884501480750248e-05,C=C(C(=O)O);CC=CC;C=Cc1cccc(C)c1,20,348,1.025531987654321,0.0493877269415857,0.0008629266591625,20.400469135802467,0.6356886435327732,3.148407407407407,0.2041284259139769
0.6795,n-heptane,CCCCCCC,0.0001382033563672,C=C(C(=O)N(C)C);C=C;C=C(Br),20,280,0.9174526790123458,0.0479821734785339,0.0002115612539153,16.926580246913577,0.4902497943338512,3.044703703703704,0.1972475692284432
0.7845,acetone,CC(C)=O,0.0001233958538993,C=C(C=O);C=C(Br);C=C(F),20,348,1.1764729629629629,0.0723193392068789,0.0083705545824183,15.612222222222222,0.4048641595082492,3.342382716049382,0.3706462014035019
1.049,acetic_acid,CC(O)=O,8.884501480750248e-05,CC=CCBr;C=C(C=O);C=C(Br),23,280,1.3407332098765432,0.0117049552477151,4.930976603404015e-05,19.462444444444447,0.3138345085637208,3.497123456790124,0.0915763707077388
0.786,n-propyl_alcohol,CC(O)C,8.884501480750248e-05,C=C(C(=O)OCC);CC=CC;C=Cc1cccc(C)c1,20,348,1.1642951851851853,0.0523471999348111,0.0013914855821557,23.799271604938276,0.7645636859898992,3.3028271604938264,0.3599934769684562
1.293,carbon_disulfide,S=C=S,9.378084896347484e-05,CC=C;C=C(CN);C=Cc1cccc(C)c1,14,298,0.7798724197530864,0.059795794103893,0.0048319735963897,15.51646913580247,0.7367971911586342,2.4626790123456788,0.3250130036205956
0.877,benzene,c1ccccc1,9.378084896347484e-05,C=Cc1cccc(C)c1;C=C(CO);C=C(F),14,298,0.7133882839506173,0.1271242015678081,204.64303400688303,14.871,1.4294922089009936,1.5299753086419752,0.634044123076321
0.786,n-propyl_alcohol,CC(O)C,8.884501480750248e-05,C=C(C(=O)N(C)C);C=CCC,20,298,1.0966806172839507,0.0311084741876812,0.0005550405706178,21.09837037037037,0.4667446877753721,2.682320987654321,0.2688974666749572
1.293,carbon_disulfide,S=C=S,9.378084896347484e-05,CC=C;C=C(C(=O)O);C=C,20,348,0.881134864197531,0.0630987721274661,0.0047513446652197,15.472111111111111,0.4507696025331581,2.3256543209876543,0.3848973619959645
0.7845,acetone,CC(C)=O,0.0001233958538993,C=C(CN);C=C(C(=O)O),14,348,0.6130083950617284,0.0553211582044202,0.0112429869475916,11.504888888888887,0.869532924145394,0.7444814814814814,0.3359196740812336
0.7845,acetone,CC(C)=O,0.0001233958538993,CC=C;C=C(C(=O)OCCO);C=C(CO),23,280,1.3064739506172838,0.0803991045444731,0.0045261928408457,23.56367901234568,1.0264217219485925,3.938259259259259,0.3958344141202485
1.049,acetic_acid,CC(O)=O,8.884501480750248e-05,C=C(C(=O)OCCO);CC=CCBr;C=C(F),14,280,0.9767407283950617,0.0123276852653004,7.581901347854968e-05,16.103444444444442,0.3255149007607546,2.440654320987654,0.1175018949669971
1.049,acetic_acid,CC(O)=O,8.884501480750248e-05,C=C;C=C(F),20,280,1.0158865555555556,0.0361552197829795,8.464421481463266e-05,13.595123456790123,0.2356816948802577,3.146283950617284,0.1423946207341494
0.7845,acetone,CC(C)=O,0.0001233958538993,C=C(C(=O)OCC);C=C(C(=O)O);CC=CC,14,280,0.9091877530864196,0.0564853796010947,0.0035020947061717,15.64106172839506,0.4857196861087224,2.275666666666667,0.3854450049641996
1.293,carbon_disulfide,S=C=S,9.378084896347484e-05,C=C(C(=O)OCC);C=CCC;C=CCl,20,348,1.0505622222222222,0.0869294367649509,0.0020221154952404,20.891469135802467,0.6778053197759202,2.852135802469136,0.4260269728053487
0.786,n-propyl_alcohol,CC(O)C,8.884501480750248e-05,C=Cc1ccccc1;C=C(F);C=CCl,14,298,0.8306546790123458,0.0412180911586303,0.0004638326793238,13.382617283950616,0.4235231877541802,2.4511111111111115,0.3152088862568893
0.7845,acetone,CC(C)=O,0.0001233958538993,C=Cc1ccccc1;C=C(C(=O)NCC);C=C(F),14,280,0.9652003333333332,0.0668034461198034,0.0049476075982212,17.067913580246916,0.6503109645056876,2.677641975308642,0.3408886465536577
0.7895,ethanol,OCC,0.0001125370187561,C=C;C=C(Br),24,348,1.456404938271605,0.0737967424441388,0.0040770869436836,17.456716049382717,0.3398850653436422,3.8390617283950617,0.5995222242954578
1.07,phenol,Oc1ccccc1,0.0001184600197433,C=C(CO),15,280,0.9045023827160492,0.0401877507889009,277.83195193587613,14.444716049382714,0.2942920878180279,2.617395061728395,0.2112152187168073
0.877,benzene,c1ccccc1,9.378084896347484e-05,CC=C;C=C(CN);C=C(C(=O)O),14,298,0.6236013827160494,0.0928691404164646,319.4305834429076,11.975382716049385,0.8447680310996218,1.344888888888889,0.6530534926003617
0.6795,n-heptane,CCCCCCC,0.0001382033563672,C=C(C(=O)O);C=Cc1cccc(C)c1,14,298,0.8711955679012345,0.0467103170753788,0.0016712091786492,16.585864197530864,0.5190298108207778,2.50583950617284,0.1843314551367795
1.049,acetic_acid,CC(O)=O,8.884501480750248e-05,C=C(CN);C=C(C(=O)OCCO);CC=CC,23,280,1.2604646913580246,0.0154639244924181,8.46485011294621e-05,23.55733333333333,0.4336745380331565,3.2252345679012344,0.1473295853055141
0.7845,acetone,CC(C)=O,0.0001233958538993,C=C(CN);C=C(C(=O)OCCO);C=C(C(=O)N(C)C),14,348,0.882889135802469,0.0626787018619962,0.0093058027073639,16.220283950617286,0.8548508098062306,2.503567901234568,0.2740691062835284
0.7895,ethanol,OCC,0.0001125370187561,C=C(C(=O)O);C=CCC,14,348,0.7561602592592593,0.0360150501081257,0.0011651435062021,13.21801234567901,0.4126325150059999,2.3330864197530867,0.1762569110828445
0.786,n-propyl_alcohol,CC(O)C,8.884501480750248e-05,C=C(C(=O)NCC);C=C(C=O),14,348,0.8095173827160494,0.0417469710685306,0.002157975361902,15.871641975308645,0.5551902645427167,2.2490123456790125,0.2266121663142963
1.261,glycerol,OCC(O)CO,2.46791707798618e-05,C=C(C(=O)OCC);C=C(C(=O)O);CC=CC,20,298,1.279998888888889,0.0119964746879352,4.933679101623062e-05,21.51451851851852,0.3723513245797893,3.4039506172839498,0.1042430565807525
1.261,glycerol,OCC(O)CO,2.46791707798618e-05,CC=C;C=Cc1ccccc1;CC=CCBr,20,298,1.220593456790123,0.015212691514401,4.149562355979995e-05,21.107432098765432,0.3679555440898525,3.42641975308642,0.0987913206810919
0.7895,ethanol,OCC,0.0001125370187561,C=C(C(=O)OCC);C=C(CN);CC=CCBr,20,348,1.0827194074074074,0.0481171119782797,0.000199825696145,20.798666666666666,0.6915003905446887,3.091641975308641,0.3544976382460454
1.587,carbon_tetrachloride,ClC(Cl)(Cl)Cl,0.0001046396841066,C=C(CN);C=C;CC=CC,20,348,0.9900588518518516,0.0545352758089504,0.0010780893846407,16.25130864197531,0.3936222931674509,2.5979753086419755,0.3209000065521216
0.6795,n-heptane,CCCCCCC,0.0001382033563672,C=CCC;C=C(Br);C=C(F),20,298,1.049486913580247,0.0459048068706539,0.0011508721149564,15.762839506172842,0.4092218287260943,2.8935679012345683,0.3143465861968599
1.261,glycerol,OCC(O)CO,2.46791707798618e-05,C=C(C(=O)OCCO);C=C,20,298,1.2782403703703704,0.0169569217044246,5.399799258278765e-05,22.266864197530865,0.4438208334170146,3.207234567901234,0.1012412192936876
1.049,acetic_acid,CC(O)=O,8.884501480750248e-05,C=C(C(=O)O);C=C(C=O);C=C(F),14,280,0.862601024691358,0.0166370674899772,7.840888388175691e-05,12.14574074074074,0.2218272477545644,2.214024691358025,0.1061878111752412
1.07,phenol,Oc1ccccc1,0.0001184600197433,C=C(CN);C=C(C(=O)O);C=C(CO),20,280,0.9256013950617282,0.1291676774341985,208.48158448392812,17.89135802469136,0.7499178606649173,2.4078395061728397,0.6081227632882902
0.7845,acetone,CC(C)=O,0.0001233958538993,C=C(C(=O)OCC);C=C(CN);C=C(CO),23,348,1.17311062962963,0.1025905156488522,0.0015015034724503,23.519839506172843,1.0407237208455569,3.249962962962963,0.462495710876193
0.7845,acetone,CC(C)=O,0.0001233958538993,C=C(CN);C=C(C(=O)OCCO);CC=CC,20,280,1.188382530864197,0.1066976949550372,0.0024665834889359,21.22785185185185,0.8055180391434195,3.650172839506173,0.3940668236283407
0.877,benzene,c1ccccc1,9.378084896347484e-05,C=CCC;CC=CC,24,298,0.762441925925926,0.1431465868154323,396.6940930311496,17.310543209876542,1.8907396622367472,1.050283950617284,0.8405645403730404
1.049,acetic_acid,CC(O)=O,8.884501480750248e-05,CC=C;C=Cc1ccccc1,14,348,0.9578282098765432,0.0282685338161788,0.000649393661328,16.589222222222222,0.4033887014337963,2.8980740740740742,0.1681170798512837
0.6795,n-heptane,CCCCCCC,0.0001382033563672,C=C(C(=O)O);C=Cc1cccc(C)c1;C=C(C(=O)NCC),14,280,0.8169392469135803,0.0341492934462384,0.000616883398911,17.64025925925926,0.5175784971247075,2.3035308641975307,0.2303667010412657
1.49,chloroform,ClC(Cl)Cl,9.87166831194472e-05,CC=C;C=C(C(=O)OCC);C=C(CN),20,280,1.0585844444444443,0.0581028483369292,0.0011500063509018,20.50707407407408,0.6719393303333525,3.036987654320988,0.4986686099642061
1.07,phenol,Oc1ccccc1,0.0001184600197433,C=C(C=O);C=C(Br);C=CCl,20,280,1.0379139753086422,0.1523152689111662,253.0369138942495,15.925160493827162,0.6145991056465057,2.835197530864197,0.5965941280084396
1.07,phenol,Oc1ccccc1,0.0001184600197433,C=C(CN);CC=CC;CC=CCBr,23,280,1.2030376543209875,0.0807703560746374,159.33950924940956,22.886135802469138,0.4542106367593607,3.698037037037036,0.473046638382568
0.786,n-propyl_alcohol,CC(O)C,8.884501480750248e-05,C=Cc1ccccc1;C=C(C(=O)O);C=C,20,348,1.163556543209877,0.0760606587064917,0.0006392805188479,20.818851851851853,0.5294026475541198,3.508827160493827,0.145150053488587
0.7845,acetone,CC(C)=O,0.0001233958538993,C=C(CN);C=C(C(=O)O);C=CCC,23,348,1.2167022962962963,0.1330926511432241,0.017977093219617,20.802024691358024,0.798824150912887,3.4716543209876543,0.5163546049343267
1.293,carbon_disulfide,S=C=S,9.378084896347484e-05,C=Cc1ccccc1;C=Cc1cccc(C)c1;C=C(CO),20,348,0.981349777777778,0.0478087930550721,0.0008250037682536,24.48725925925926,0.8441800284530294,2.424827160493827,0.3930505508946704
1.293,carbon_disulfide,S=C=S,9.378084896347484e-05,C=C(C(=O)OCCO);C=C(C=O);C=C(F),14,298,0.8133880123456791,0.0618682820224325,0.0044767120576098,13.979666666666663,0.8084032730338565,2.0174938271604943,0.3168757642387566
0.6795,n-heptane,CCCCCCC,0.0001382033563672,C=Cc1ccccc1;C=C(CN);C=C(Br),14,298,0.7284687901234568,0.0367022108782429,0.0012435162642345,13.695765432098767,0.6537223005317071,2.0401481481481483,0.2705791279309609
1.049,acetic_acid,CC(O)=O,8.884501480750248e-05,CC=C;CC=CCBr;C=C(CO),23,280,1.1604925925925926,0.0139286289043468,5.405299277848797e-05,18.974493827160497,0.3319036422512922,3.180604938271605,0.0632130786225984
0.877,benzene,c1ccccc1,9.378084896347484e-05,C=C(CN);C=Cc1cccc(C)c1;C=C(F),14,298,0.7396499012345679,0.1313375143222069,353.7679053757545,14.520604938271603,1.2779648334485456,1.619987654320988,0.8391830609134859
0.6795,n-heptane,CCCCCCC,0.0001382033563672,C=CCC;CC=CC;C=C(CO),20,280,1.0583328395061729,0.0357923621600884,0.0001652019673911,17.389543209876546,0.4004585658313748,3.0086296296296293,0.1891647295997702
0.6606000000000001,n-hexane,CCCCCC,0.0001579466929911,C=C(C(=O)OCCO);C=C;C=C(F),20,280,1.040429,0.042895254180502,0.0003953163138188,17.870530864197534,0.3954068723813656,2.6301975308641974,0.2819901679291641
1.07,phenol,Oc1ccccc1,0.0001184600197433,C=C(CO);C=C(Br);C=C(F),20,280,0.9678352345679012,0.0923253337481669,183.72289096466432,15.244876543209877,0.6280306743848565,2.4379753086419758,0.4030255322398948
1.049,acetic_acid,CC(O)=O,8.884501480750248e-05,C=C(C(=O)OCC);C=C;C=C(F),20,280,1.1211641975308642,0.017353900110563,0.0002331061316966,18.702913580246918,0.3527912402516437,3.306543209876544,0.083400276723749
0.877,benzene,c1ccccc1,9.378084896347484e-05,CC=CC;C=C(Br);C=CCl,14,298,0.6477226913580246,0.0670438144132445,438.52194734330425,11.607888888888889,0.6123939666345272,1.5280864197530866,0.3908271758981393
0.786,n-propyl_alcohol,CC(O)C,8.884501480750248e-05,C=C(C(=O)O);CC=CC;C=C(C(=O)NCC),23,348,1.2874874074074074,0.0534370442041704,0.000449892397637,23.59171604938272,0.4485044347763157,3.544148148148148,0.3313796864182304
0.6795,n-heptane,CCCCCCC,0.0001382033563672,C=C(C(=O)O);C=C;C=CCC,20,280,0.9356492592592592,0.1048941038271371,0.0004929968650126,15.629333333333332,0.8433078461966248,2.44020987654321,0.4561939352612226
0.7845,acetone,CC(C)=O,0.0001233958538993,C=C(C(=O)OCCO);CC=CC;C=C(F),14,280,0.9292386419753088,0.0757032807140603,0.0011924949101415,15.41774074074074,0.6331776178511047,2.6622345679012343,0.3390855994337297
1.587,carbon_tetrachloride,ClC(Cl)(Cl)Cl,0.0001046396841066,C=C(CN);C=CCC;C=C(C=O),23,348,1.161826790123457,0.0605065325077916,0.0006739060819551,20.460962962962967,0.4739703966492662,3.425518518518518,0.2150331648903105
0.6606000000000001,n-hexane,CCCCCC,0.0001579466929911,C=C(C(=O)O),20,280,1.030999975308642,0.0509717920645428,0.0004479836317864,17.305024691358025,0.3961747330956673,2.945074074074074,0.2061175966501502
1.261,glycerol,OCC(O)CO,2.46791707798618e-05,C=C;CC=CC;C=C(Br),14,298,0.8431132716049384,0.0299984041164054,0.0001270494216061,11.691037037037038,0.3096551424895657,2.57041975308642,0.2058659436874137
1.261,glycerol,OCC(O)CO,2.46791707798618e-05,C=C;C=C(C(=O)NCC);C=CCl,20,298,1.1618292592592592,0.0240667220568654,3.434942351896468e-05,19.828246913580248,0.4595245404015052,3.563691358024691,0.0787351619531286
0.786,n-propyl_alcohol,CC(O)C,8.884501480750248e-05,CC=C;C=C(C(=O)O);C=C,23,298,1.256915185185185,0.0583098077875837,0.0001993861760727,18.83549382716049,0.4128542062773593,3.335691358024691,0.2836666293239001
1.049,acetic_acid,CC(O)=O,8.884501480750248e-05,C=CCC;C=Cc1cccc(C)c1;C=C(C(=O)NCC),14,348,0.9091281975308642,0.0319174832381451,0.000433109691402,18.71640740740741,0.4246241556074939,2.422543209876543,0.1422190146671905
1.293,carbon_disulfide,S=C=S,9.378084896347484e-05,CC=C;C=C(C(=O)O);C=C(Br),23,348,0.9711551975308642,0.0738059566732578,0.0051359515107633,17.027703703703704,0.4808353955779498,2.291148148148148,0.5097719681716597
0.786,n-propyl_alcohol,CC(O)C,8.884501480750248e-05,CC=C;C=CCC;C=CCl,20,298,0.7611132469135803,0.0440528064241118,6.612554475185351e-05,15.862456790123458,0.69530828138143,1.3885555555555558,0.6332616528636914
1.587,carbon_tetrachloride,ClC(Cl)(Cl)Cl,0.0001046396841066,CC=C;C=C(C(=O)NCC);C=CCl,20,348,0.8617181604938272,0.0309545476813896,0.0015270992349274,17.424913580246912,0.5253807836610207,2.219567901234568,0.2700722325999493
1.049,acetic_acid,CC(O)=O,8.884501480750248e-05,C=C;C=C(Br);C=C(F),20,348,0.8861892839506171,0.0566814669108544,0.0005911850092743,13.626469135802468,0.3962126279893985,2.3424074074074075,0.2858150907806825
1.049,acetic_acid,CC(O)=O,8.884501480750248e-05,C=C(C(=O)NCC);C=C(CO);C=CCl,14,280,0.8673289259259259,0.0200915988049165,0.0001029633846506,15.352938271604938,0.3294541818189599,2.658901234567901,0.0776183453143651
1.049,acetic_acid,CC(O)=O,8.884501480750248e-05,CC=C;C=Cc1ccccc1;C=C(F),20,348,1.13974012345679,0.0515019708479134,0.0007826887209408,19.868506172839503,0.6427789421569555,3.383209876543209,0.1715692795352118
1.293,carbon_disulfide,S=C=S,9.378084896347484e-05,C=C(C(=O)N(C)C);C=C(CO);C=C(F),20,298,0.822837037037037,0.0914698810397082,0.0021411831614741,17.484987654320985,1.5384805273973792,2.1753209876543207,0.5382581836587046
0.6606000000000001,n-hexane,CCCCCC,0.0001579466929911,C=C(C(=O)N(C)C);CC=CC;C=C(F),23,280,0.9129654567901236,0.0799294818543658,0.0004081295035535,19.493086419753087,0.8314487014536197,2.839111111111112,0.333572728849495
0.877,benzene,c1ccccc1,9.378084896347484e-05,C=C(CO);C=C(Br);C=CCl,14,298,0.7132842345679011,0.0497262036936712,286.1295617367478,11.106753086419754,0.3036950033883775,1.7734691358024692,0.2170160195725306
1.049,acetic_acid,CC(O)=O,8.884501480750248e-05,C=C(C(=O)OCC);CC=CCBr;C=C(C=O),20,280,1.1662729629629631,0.0114819865838716,5.3640347646835854e-05,20.596395061728398,0.4166685238184493,3.316753086419753,0.0992335480489096
1.587,carbon_tetrachloride,ClC(Cl)(Cl)Cl,0.0001046396841066,CC=CC;C=C(CO);C=CCl,23,348,1.009308370370371,0.050694258750453,0.0025543086440791,18.303703703703704,0.4591822426461973,3.0524197530864194,0.2972113960311806
1.07,phenol,Oc1ccccc1,0.0001184600197433,C=C(C(=O)NCC);C=C(C=O);C=C(CO),14,280,0.7463597283950616,0.0336971250563313,151.48178087042757,15.188987654320988,0.4619078389672945,2.003827160493828,0.1598533888567091
1.293,carbon_disulfide,S=C=S,9.378084896347484e-05,C=C(C(=O)OCCO);C=C(C(=O)N(C)C);C=C,14,348,0.6650877283950617,0.0443272558964453,0.0002113302330055,14.327345679012346,0.7803830518831851,1.383308641975309,0.2182773545413338
1.49,chloroform,ClC(Cl)Cl,9.87166831194472e-05,C=C(C(=O)O);C=Cc1cccc(C)c1;C=C(Br),14,280,0.8486824320987655,0.0258673138373308,0.0015222301851586,15.562037037037038,0.4118715023289753,2.3911728395061727,0.1153248541224178
1.261,glycerol,OCC(O)CO,2.46791707798618e-05,C=CCC;C=C(CO);C=C(Br),14,298,0.7803286913580246,0.0115866939006221,3.969253082632714e-05,12.769469135802469,0.2579771301194842,2.288061728395061,0.0957734396644539
0.6795,n-heptane,CCCCCCC,0.0001382033563672,C=CCC;CC=CCBr,14,280,0.8271195925925927,0.0338908438404347,0.000460590029605,13.89443209876543,0.3095335773593538,1.984901234567901,0.2421192240208347
1.293,carbon_disulfide,S=C=S,9.378084896347484e-05,C=C(C(=O)O);C=C(C=O);C=C(Br),20,298,0.8342743827160495,0.0846537730244392,0.0023280371699198,15.730259259259258,0.4543562201180317,1.7435555555555555,0.5503875626645305
0.6795,n-heptane,CCCCCCC,0.0001382033563672,CC=C;C=Cc1ccccc1;C=C(C=O),14,298,0.8725860123456792,0.0487008971777053,0.0003415741933244,15.21383950617284,0.5700235961498941,2.5782716049382715,0.2600627660395471
1.049,acetic_acid,CC(O)=O,8.884501480750248e-05,C=C(CN);C=C(F);C=CCl,20,280,0.9601666666666666,0.0145888810281776,2.413326741861646e-05,15.226481481481478,0.2637414610921837,2.9172592592592594,0.0649107226923176
1.293,carbon_disulfide,S=C=S,9.378084896347484e-05,CC=C;C=C;C=CCl,20,348,0.8807974074074074,0.1450294362978037,0.0085778677721506,14.963950617283947,0.6114051999688926,2.3539506172839504,0.9374104849607956
1.293,carbon_disulfide,S=C=S,9.378084896347484e-05,C=CCC;CC=CC;C=C(Br),23,348,1.0659720617283952,0.0672124229772865,0.0022493696178062,20.079740740740743,0.4860068276149421,3.007506172839506,0.3868238544949632
1.293,carbon_disulfide,S=C=S,9.378084896347484e-05,C=C(C(=O)O);C=C;C=C(CO),23,348,0.8088747160493827,0.1500416320359312,0.0003915276598821,15.371160493827162,1.3208028839279344,1.8105432098765435,0.6420535928052588
0.786,n-propyl_alcohol,CC(O)C,8.884501480750248e-05,CC=C;C=C(CN);C=CCl,14,348,0.8372218888888888,0.0553856379868452,0.0022136514664003,12.518037037037038,0.4242236611477966,2.596382716049382,0.4018318107687711
0.6795,n-heptane,CCCCCCC,0.0001382033563672,C=C(C(=O)O);C=Cc1cccc(C)c1;C=C(CO),14,298,0.9221912592592594,0.0298725594156894,0.00043219286347,16.319345679012343,0.4600228432463865,2.523716049382716,0.1524319102854829
0.7895,ethanol,OCC,0.0001125370187561,C=Cc1ccccc1;C=C(C(=O)NCC);C=C(CO),14,348,0.7245858271604938,0.0323862333116754,0.0033692693100354,16.63701234567901,0.7568954702823925,1.609925925925926,0.4878956268108781
1.293,carbon_disulfide,S=C=S,9.378084896347484e-05,C=C(C(=O)OCC);C=C(F);C=CCl,14,298,0.772784975308642,0.0837890915384508,0.0008721130637661,14.028037037037036,0.7760192730908845,1.901185185185185,0.4083586873794887
0.6795,n-heptane,CCCCCCC,0.0001382033563672,C=CCC;C=C(C=O),24,280,1.0299686543209876,0.0517843049379365,0.0008485023636547,19.78907407407408,0.6126512063857141,2.90241975308642,0.2298834844001174
0.7845,acetone,CC(C)=O,0.0001233958538993,CC=C;C=C(CN);C=C(C(=O)O),14,348,0.7181493580246913,0.0473068690166213,0.0042078455553352,12.582777777777778,0.4986558228173313,1.790753086419753,0.3408591371510567
0.7845,acetone,CC(C)=O,0.0001233958538993,C=C(C(=O)OCC);C=C;C=C(C=O),20,348,1.1884932222222222,0.1111513824781986,0.0049599654583938,19.83401234567901,0.8590374816673094,3.330654320987654,0.463118419661189
0.6795,n-heptane,CCCCCCC,0.0001382033563672,C=C(C(=O)O);C=CCC;C=C(F),20,280,0.9391811358024692,0.0558034023213269,0.0009306237273233,16.744666666666667,0.6088323980282989,2.6074444444444445,0.3115428749995143
1.07,phenol,Oc1ccccc1,0.0001184600197433,C=C(C(=O)OCC);C=C(C(=O)O);C=C(Br),14,280,0.7927601111111112,0.0499146652348402,250.78486081577992,14.362543209876543,0.5558315769727977,2.0249382716049382,0.3654405542064824
0.7845,acetone,CC(C)=O,0.0001233958538993,C=C(C(=O)OCC);C=C(C(=O)O);C=CCl,20,348,1.21463024691358,0.0827109993129477,0.005430472787963,20.575382716049383,0.6582196820399113,3.439740740740741,0.2964858282698911
0.6606000000000001,n-hexane,CCCCCC,0.0001579466929911,CC=C;C=Cc1ccccc1;C=C(CO),20,280,1.016920111111111,0.0499263497428159,0.0001485261987139,19.915703703703706,0.6623766494893608,3.088382716049383,0.2898969833161997
1.049,acetic_acid,CC(O)=O,8.884501480750248e-05,C=C;C=Cc1cccc(C)c1;C=C(C(=O)NCC),14,280,0.9471963703703704,0.0236082845667323,9.32321607869429e-05,17.21141975308642,0.3729067292844392,2.771716049382716,0.0802031732643825
1.07,phenol,Oc1ccccc1,0.0001184600197433,C=C;CC=CC;C=Cc1cccc(C)c1,20,280,0.8174010740740743,0.1556749676240058,241.0204450979556,19.39338271604938,1.5072032768428931,1.693567901234568,0.8699287034539819
1.49,chloroform,ClC(Cl)Cl,9.87166831194472e-05,C=C(C(=O)OCC);C=C;C=C(C=O),23,280,1.296317901234568,0.0481456389501289,0.0009148265799347,22.642777777777777,0.5303190746971621,3.6137037037037048,0.2058091795361526
1.261,glycerol,OCC(O)CO,2.46791707798618e-05,CC=CCBr;C=C(C=O);C=C(F),23,298,1.3084856790123458,0.0181556315745907,1.902716676181361e-05,18.96338271604938,0.3273387103692493,3.4783580246913584,0.1336059535749288
1.293,carbon_disulfide,S=C=S,9.378084896347484e-05,C=C(C(=O)O);C=C(C(=O)OCCO);C=Cc1cccc(C)c1,14,348,0.8005668271604938,0.0866802672799479,0.0042723885618401,17.442925925925927,1.1042632511527153,2.019691358024691,0.7271906646573665
0.6606000000000001,n-hexane,CCCCCC,0.0001579466929911,C=C(CN);C=C;CC=CCBr,20,280,0.9726158518518516,0.0361718718893293,0.0007841620192071,16.936518518518522,0.768462873487503,2.2429629629629626,0.4903771651090175
0.7895,ethanol,OCC,0.0001125370187561,C=C(C(=O)OCC);C=CCC;C=C(CO),14,348,0.8566370246913582,0.0324842475374367,0.0041907890335336,15.347592592592592,0.5245318613062292,2.0580864197530864,0.2883646181927551
1.049,acetic_acid,CC(O)=O,8.884501480750248e-05,C=C;C=Cc1cccc(C)c1;C=C(Br),14,280,0.8725558024691358,0.0122714868472595,0.0001485465771064,15.635469135802472,0.3110384076327391,2.178592592592593,0.0941160011556237
0.7895,ethanol,OCC,0.0001125370187561,C=C(C(=O)OCCO);C=C(C(=O)N(C)C);C=C,14,348,0.6959021851851852,0.0275635758463019,0.0017614365384815,15.512555555555553,0.7481269945670989,1.1439876543209877,0.3057953198225277
0.7845,acetone,CC(C)=O,0.0001233958538993,CC=C;C=C;C=C(C=O),14,280,0.7740647901234569,0.0653254894565186,0.0043266331374426,11.319148148148148,0.3866217442331129,2.1617654320987656,0.3764179536659978
1.049,acetic_acid,CC(O)=O,8.884501480750248e-05,CC=C;C=C(C=O);C=CCl,14,280,0.7769217777777778,0.0152430655587919,8.966499289910498e-05,12.445469135802467,0.2382399499218369,2.1028765432098764,0.1285755177736673
0.6795,n-heptane,CCCCCCC,0.0001382033563672,C=C(C(=O)N(C)C);C=C(C=O),14,280,0.6724274567901234,0.0468549479298333,0.0004054708589043,13.784074074074072,0.6652125582093676,1.7987283950617283,0.1783355148600164
1.049,acetic_acid,CC(O)=O,8.884501480750248e-05,CC=CC;C=C(CO);C=C(Br),14,280,0.7695322469135804,0.0194049518546747,4.442951929859153e-05,12.727456790123457,0.3047599358565311,2.3407901234567903,0.1045421193455953
0.786,n-propyl_alcohol,CC(O)C,8.884501480750248e-05,CC=C;C=C(C=O);C=C(F),14,298,0.8740738518518517,0.0320335762009951,0.0006400884010189,11.84348148148148,0.3297544208227181,2.59058024691358,0.3626410620113629
1.07,phenol,Oc1ccccc1,0.0001184600197433,C=CCC;CC=CCBr;C=C(CO),23,280,1.1275938271604935,0.1047544202902221,195.03783583934307,20.975716049382715,0.574349255697433,2.5913086419753086,0.649926750706063
0.786,n-propyl_alcohol,CC(O)C,8.884501480750248e-05,C=C;CC=CC;C=Cc1cccc(C)c1,14,348,0.7505323456790123,0.0398733079966605,0.0020820054288465,15.04653086419753,0.6106664055963326,1.6864444444444444,0.2831597725492155
0.6795,n-heptane,CCCCCCC,0.0001382033563672,CC=C;C=C(C(=O)O);C=C(C=O),14,298,0.8162437160493827,0.0269347864845584,0.0019259685537536,12.10067901234568,0.3104012467822298,2.648320987654321,0.1676582228313755
1.293,carbon_disulfide,S=C=S,9.378084896347484e-05,C=C(C=O),25,298,0.8366085555555556,0.0531419918357564,0.0032568197895485,17.087888888888887,0.8874589331482847,2.0631234567901235,0.3346408571542624
1.261,glycerol,OCC(O)CO,2.46791707798618e-05,C=C(C(=O)O);C=C(C(=O)NCC);C=CCl,14,298,0.8856230246913581,0.014899057901259,6.008650940544802e-05,15.64916049382716,0.3078503106184956,2.731456790123457,0.1101223841502319
1.261,glycerol,OCC(O)CO,2.46791707798618e-05,C=C;CC=CC;C=Cc1cccc(C)c1,20,298,1.2141014814814814,0.0152215985363805,5.584923805098554e-05,21.161913580246917,0.3792606907444693,3.598086419753087,0.1223487423468198
1.293,carbon_disulfide,S=C=S,9.378084896347484e-05,C=C(C(=O)O);C=C(C(=O)N(C)C);CC=CC,20,298,0.9201679629629632,0.0686689468203669,0.000871233175717,19.07853086419753,0.4051863490327174,2.2970864197530867,0.289343923578625
0.7845,acetone,CC(C)=O,0.0001233958538993,C=C;C=CCC;C=C(C=O),20,280,1.0824065432098766,0.1070454601642638,0.0005190576508082,17.067419753086416,0.5924698224163093,3.140308641975309,0.729420836412001
0.786,n-propyl_alcohol,CC(O)C,8.884501480750248e-05,C=Cc1ccccc1;CC=CC;C=C(F),23,298,1.1973144444444446,0.0395160857385794,0.0001347276661925,22.94085185185185,0.6172790775116289,3.569197530864197,0.2456200729598803
1.049,acetic_acid,CC(O)=O,8.884501480750248e-05,C=Cc1cccc(C)c1;C=C(C=O);C=CCl,14,348,0.7646526913580246,0.0227221719307468,0.000487165846906,15.230246913580244,0.3462631030943783,2.0570493827160496,0.0914913341689475
0.6606000000000001,n-hexane,CCCCCC,0.0001579466929911,C=C(CN);CC=CCBr;C=C(F),14,280,0.7532253703703704,0.0351123918488089,0.0039249425211023,12.289617283950616,0.281553738830464,1.585432098765432,0.1868799005812936
1.293,carbon_disulfide,S=C=S,9.378084896347484e-05,CC=C;CC=CC;C=C(CO),20,298,0.9756830617283948,0.0619265354412922,0.0075967114061865,17.317024691358025,0.4128593152699253,2.976506172839506,0.4123051166565306
0.877,benzene,c1ccccc1,9.378084896347484e-05,CC=CCBr;C=CCl,14,298,0.7405419135802469,0.0517479041532291,475.46273806510817,12.823703703703703,0.4692816008011395,1.7385679012345676,0.4618596585055404
0.7845,acetone,CC(C)=O,0.0001233958538993,C=C(C(=O)OCC);C=C(C(=O)O);C=C(CO),20,348,1.14044712345679,0.0704948550735201,0.0058191347453882,20.904407407407408,0.5851604776781223,3.034419753086419,0.2754774470031012
0.786,n-propyl_alcohol,CC(O)C,8.884501480750248e-05,C=C(C(=O)OCCO);CC=CCBr,14,298,0.8136333703703703,0.0189174059346128,0.0002289884680297,17.127567901234567,0.4407913461282117,2.267925925925926,0.1845623972093146
1.293,carbon_disulfide,S=C=S,9.378084896347484e-05,C=Cc1cccc(C)c1;C=C(Br);C=C(F),23,298,1.0455617530864196,0.1410961528956018,0.0058040474607776,22.42676543209877,1.239337838650637,2.187407407407408,0.8672897586027573
0.786,n-propyl_alcohol,CC(O)C,8.884501480750248e-05,C=C(CN);C=C(C(=O)N(C)C);C=C,14,298,0.8176470987654322,0.0259672173333922,0.0004252750796469,14.700419753086418,0.4223088467921924,2.289320987654321,0.2021781897824686
0.6606000000000001,n-hexane,CCCCCC,0.0001579466929911,C=C(C(=O)N(C)C);C=C;C=C(CO),23,280,1.2331583950617286,0.0738493998313382,0.0017164515950683,20.356246913580243,0.5633599277278126,3.335024691358025,0.341279581101414
1.293,carbon_disulfide,S=C=S,9.378084896347484e-05,C=C;CC=CC;C=C(CO),23,348,0.931156,0.1844537077917477,0.0004792526726003,17.45946913580247,1.2498734364215014,2.6140123456790127,0.7025462419441203
0.6606000000000001,n-hexane,CCCCCC,0.0001579466929911,C=C(CN);C=C(C(=O)NCC),24,280,1.2404416049382718,0.0405569519533354,0.0001372504383693,24.050135802469136,0.4897016666281932,3.2829999999999995,0.3015014689889075
1.587,carbon_tetrachloride,ClC(Cl)(Cl)Cl,0.0001046396841066,C=C(C(=O)OCC);C=C(CO),20,348,0.918244148148148,0.0738178979553465,0.000241035052798,19.921172839506173,1.045836988810179,2.1552716049382714,0.3230132823147449
0.6795,n-heptane,CCCCCCC,0.0001382033563672,C=C;C=CCl,24,280,1.293130987654321,0.0845424223791854,0.0004243170914291,17.701518518518515,0.2759646654386113,3.290962962962962,0.2953257437551866
0.7895,ethanol,OCC,0.0001125370187561,C=CCC;C=C(F),24,348,0.8897044444444445,0.0877951690931725,0.0011823739413723,17.529296296296295,0.6589435511229544,2.398703703703704,0.4955947529202514
1.293,carbon_disulfide,S=C=S,9.378084896347484e-05,C=C;C=CCC,24,348,0.9111460864197533,0.1133447386561983,0.0019954767267166,18.37291358024692,1.0639262157366112,1.9059629629629624,0.7878090174724924
1.293,carbon_disulfide,S=C=S,9.378084896347484e-05,CC=C;C=C;C=C(Br),23,348,1.2020984074074073,0.0996744163403259,0.0011320271595482,17.724,0.317713474457493,3.367098765432099,0.6649493177556174
1.293,carbon_disulfide,S=C=S,9.378084896347484e-05,C=C(CN);C=CCC;C=C(C=O),23,348,1.019007049382716,0.0768472419317445,0.0022720913173417,19.75271604938272,0.6088328083372719,2.329814814814815,0.5928270855492082
1.049,acetic_acid,CC(O)=O,8.884501480750248e-05,C=C(CN);C=C(C(=O)OCCO);CC=CCBr,20,280,1.1715112345679013,0.017048285340284,4.0895678367764814e-05,21.69845679012346,0.4363836812584871,3.3860370370370365,0.048081834675777
0.7845,acetone,CC(C)=O,0.0001233958538993,C=C(C(=O)O);C=Cc1cccc(C)c1,20,280,1.337648148148148,0.0782903660584001,0.0038821318210391,25.127469135802468,0.9045829553564868,4.022061728395062,0.3132336068909297
1.49,chloroform,ClC(Cl)Cl,9.87166831194472e-05,CC=C;C=C(C(=O)OCCO);C=C(CO),20,280,1.0898653209876543,0.0621535191663445,0.0007581981862893,20.766962962962964,0.6969101017966971,2.436197530864197,0.4204562900537406
1.49,chloroform,ClC(Cl)Cl,9.87166831194472e-05,C=Cc1ccccc1;C=C(C(=O)N(C)C);C=CCC,20,280,1.1950772839506172,0.0410210746502646,0.0002124370550762,23.331567901234568,0.4609389755885075,3.3847777777777783,0.1733642422583941
1.293,carbon_disulfide,S=C=S,9.378084896347484e-05,C=C(CO);C=C(Br),24,348,0.8518299135802468,0.0921133630612264,0.0013707103085966,17.05467901234568,1.0461639371468885,2.044543209876543,0.5748131000462311
0.6795,n-heptane,CCCCCCC,0.0001382033563672,C=C(C(=O)OCC);C=C(C=O);C=C(F),14,280,0.8467007160493829,0.0564630197963614,0.0008895181536754,14.423037037037036,0.5147594534581703,2.394765432098765,0.2268309465466144
0.786,n-propyl_alcohol,CC(O)C,8.884501480750248e-05,CC=C;C=C(C(=O)N(C)C);C=CCC,14,348,0.8676191728395062,0.0810678029781153,0.0011253839105426,15.283567901234566,0.6680530572976454,2.4425432098765434,0.487515901592703
1.293,carbon_disulfide,S=C=S,9.378084896347484e-05,C=Cc1cccc(C)c1;C=C(C=O),14,348,0.7745023456790123,0.0493524804092679,0.0021698694885446,16.420148148148144,0.904492915860732,1.472530864197531,0.3060457517003317
0.6795,n-heptane,CCCCCCC,0.0001382033563672,CC=C;C=C(C(=O)NCC),20,280,0.983271037037037,0.0574482361214664,0.0001670544866701,20.37160493827161,0.5618523526234032,2.510296296296296,0.450441715840128
1.587,carbon_tetrachloride,ClC(Cl)(Cl)Cl,0.0001046396841066,CC=C;C=C(C(=O)OCC);C=C(C(=O)OCCO),14,348,0.8415119382716049,0.0714985455074965,0.0010838376956356,16.435407407407407,0.7470686381240931,2.0055802469135804,0.6813207736792213
0.7895,ethanol,OCC,0.0001125370187561,C=C(C(=O)OCC);C=C(C(=O)O),14,348,0.7856273950617284,0.0642344210510988,0.0024526129261629,15.83996296296296,0.5024860035995463,1.9976049382716048,0.5093118251957787
0.6795,n-heptane,CCCCCCC,0.0001382033563672,C=Cc1ccccc1;C=CCC;C=CCl,14,298,0.7938273703703703,0.0504085524938922,0.0006947327140205,15.269024691358023,0.4746927004749113,2.1712222222222217,0.3363156953125742
0.786,n-propyl_alcohol,CC(O)C,8.884501480750248e-05,C=C(C(=O)OCC);C=C(C(=O)OCCO);C=C(F),14,348,0.9566110864197532,0.0369320265613844,0.0001127785593096,18.86111111111111,0.5125265666104359,2.766777777777778,0.2803498255597068
0.6795,n-heptane,CCCCCCC,0.0001382033563672,CC=C;C=C(C(=O)OCC);C=CCl,20,298,0.9919090617283952,0.0668685445748903,0.0003044652463552,19.21959259259259,0.7068871210599603,2.8633086419753084,0.461788087842751
0.877,benzene,c1ccccc1,9.378084896347484e-05,CC=CCBr;C=C(CO),20,298,0.7892368271604938,0.1438076307494585,342.7897545956594,16.092333333333336,1.4769625988895314,1.3386172839506172,0.8719403163386934
0.7895,ethanol,OCC,0.0001125370187561,C=Cc1ccccc1;C=C(C(=O)N(C)C);C=CCC,20,348,1.1145614938271606,0.0916990745538238,0.0034264964921963,23.279703703703703,0.6255599258668031,3.2685061728395066,0.3705599074692572
1.049,acetic_acid,CC(O)=O,8.884501480750248e-05,C=C(C(=O)OCC);CC=CCBr;C=C(F),14,280,0.9091005555555556,0.0164063690034249,0.000104061797303,15.141506172839506,0.3378591686829448,2.903530864197531,0.0804551997751425
0.7895,ethanol,OCC,0.0001125370187561,C=Cc1ccccc1;C=C(CO);C=C(F),14,348,0.7894374938271606,0.0324350792073679,0.0041752111996012,14.637074074074071,0.5897245177697046,1.897456790123457,0.1936353993617721
0.6795,n-heptane,CCCCCCC,0.0001382033563672,C=Cc1ccccc1;C=C(C(=O)OCCO);C=C,20,280,1.1106168518518518,0.0868310219929975,0.0002603772363007,23.40358024691358,0.727588353027773,3.239901234567901,0.2065213709647079
1.049,acetic_acid,CC(O)=O,8.884501480750248e-05,CC=CC;CC=CCBr,24,280,1.243747777777778,0.016840604150331,0.0001089331462166,20.33574074074074,0.3367418609748195,3.162925925925926,0.0926543793849183
0.6795,n-heptane,CCCCCCC,0.0001382033563672,C=C(CN);CC=CCBr;C=C(Br),23,280,1.121159222222222,0.0500496355280817,0.0001653888705362,20.038901234567906,0.3948610196173975,3.279641975308641,0.2174716844711408
1.293,carbon_disulfide,S=C=S,9.378084896347484e-05,C=C(C(=O)O),15,348,0.8285148765432098,0.0509263547050082,0.0013458564283681,13.90472839506173,0.5146504270213196,1.9767407407407405,0.323792410932111
0.786,n-propyl_alcohol,CC(O)C,8.884501480750248e-05,C=C(C(=O)O);CC=CCBr;C=C(C(=O)NCC),14,348,0.8211188641975308,0.0402821312475613,0.0003273751670828,15.613185185185186,0.3199826812871771,2.065358024691358,0.2490173928499316
0.6795,n-heptane,CCCCCCC,0.0001382033563672,C=C(C(=O)N(C)C);CC=CCBr;C=C(CO),14,298,0.8013792345679012,0.0289622853411043,0.0003779229270323,14.084580246913582,0.3714391053625502,2.294493827160494,0.2235721290221039
0.6606000000000001,n-hexane,CCCCCC,0.0001579466929911,C=Cc1ccccc1;C=C(C(=O)OCC);C=C(C(=O)N(C)C),14,280,0.7434407160493829,0.0335082953371378,0.001181608216673,17.46372839506173,0.4677730538781183,1.532061728395062,0.2866210706924979
